,Date,Returns,SP50_L,SP50_C,VIX_L,VIX_C,RUSSEL_L,RUSSEL_C,US CPI Q %,US wholesale Q%,US_LT_INT,US_SR_INT,US_UNEMP_L,US_RT_IND_C,US_INDPROD_C,US_HSTART_C,US_EXP_C,US_IMP_C,US_BUD_BAL_PCT_GDP,US_DEBT_L,US_DEBT_C,US_EXP_L,US_IMP_L,US_RTL_IND_L,US_FX_RS_L,US_HS_STARTS_L,Bentoil_L,NDAQ_L,Mkt-RF,SMB,HML,RF
0,2000-04-01,-4.024573772887438,1498.58,1.9962565935000898,24.11,-2.1509740259740284,1341.372437,6.793961331033915,0.98951685,1.1372113,6.4684143,5.704604,4.0,2.3234475,0.99588436,0.2618881,2.9192605,5.4575863,0.5946405,5801.5444,-0.059682939337390994,752.348,1155.908,80.33397,59.741055,1659000.0,23.98,,0.23230769230769227,0.7200000000000002,-0.24000000000000002,0.10992307692307693
1,2000-07-01,2.2679758171908007,1454.6,-2.934778256749726,19.54,-18.954790543343016,1286.389893,-4.098976725880044,0.7838483,0.7088688,6.1849194,5.8960314,3.9,-0.027285159,1.2261126,-4.360059,2.8476117,4.4761343,0.37412226,5714.2153,-1.505273319980105,773.772,1207.648,80.31205,56.90912,1586666.6,31.58,,-0.36769230769230765,0.06384615384615379,0.2715384615384615,0.11223076923076923
2,2000-10-01,2.7501722355362874,1436.51,-1.24364086346761,20.57,5.271238485158647,1295.99585,0.7467375989403946,0.9138644,0.75243366,5.8898406,6.2020636,4.0,0.8642342,-0.07921636,-5.2310925,3.9251885,3.8084002,0.3065177,5701.85,-0.21639541653251104,804.144,1253.64,81.006134,55.21026,1503666.6,28.42,,-0.08769230769230775,-0.4276923076923077,1.09,0.12453846153846154
3,2001-01-01,-1.2442934330965625,1320.28,-8.091137548642202,26.85,30.529897909577052,1201.823608,-7.266399965709769,0.71290916,1.2286124,5.574603,6.200793,3.9,0.75289834,-0.2725435,2.682335,-0.8376562,0.09954411,-0.0073305746,5689.593,-0.21496531827390752,797.408,1254.888,81.61603,56.60038,1544000.0,22.58,,-0.9546153846153846,-0.506923076923077,1.9769230769230768,0.1306153846153846
4,2001-04-01,8.328060315435293,1160.33,-12.114854424818978,28.64,6.666666666666665,1119.69751,-6.833456877808308,0.9565685,1.0947216,5.0441937,4.9333863,4.2,0.46209535,-1.2300048,3.9507773,-1.5144129,-1.9281341,-0.35467216,5800.558,1.9503152510205846,785.332,1230.692,81.99317,53.17533,1605000.0,23.5,,-1.1084615384615384,0.44999999999999996,1.1353846153846154,0.11015384615384614
5,2001-07-01,-7.8670333793636855,1224.42,5.523428679772158,19.06,-33.44972067039107,1275.043579,13.873931808600704,0.7011557,0.30603117,5.2761903,3.7406344,4.4,1.1005945,-1.2688844,1.5576324,-4.4078135,-6.299224,-1.1025192,5753.914,-0.8041295337448573,750.716,1153.168,82.895584,53.80329,1630000.0,26.21,,0.5253846153846153,0.7276923076923077,-0.22615384615384612,0.082
6,2001-10-01,17.417782071824057,1040.94,-14.98505414808644,31.93,67.52360965372507,1006.344421,-21.07372347310177,0.28227904,-0.93875366,5.008983,3.3037283,4.8,-0.86400825,-1.3769565,-1.8609432,-6.584648,-3.8454063,-3.2577786,5834.474,1.400090442783819,701.284,1108.824,82.17936,59.902164,1599666.6,21.87,,-1.320769230769231,-0.6492307692307692,0.7369230769230769,0.07392307692307692
7,2002-01-01,7.12509513645529,1148.08,10.292620131803943,23.8,-25.46194801127466,1214.099518,20.644532097028435,-0.07506141,-1.5636103,4.7517166,1.9515624,5.5,3.6519628,-1.0943136,-1.8545505,-3.167904,-3.3830404,-2.873355,5970.2676,2.327435172390868,679.068,1071.312,85.18052,57.633675,1570000.0,19.35,,0.9676923076923077,0.8653846153846152,-0.41384615384615386,0.045538461538461535
8,2002-04-01,-7.196512552789705,1147.3865,-0.06040519824401791,17.4,-26.890756302521012,1258.600596,3.665356697720057,0.31924644,-0.24067566,5.079168,1.7543327,5.7,-1.7866092,0.7387206,9.745223,-1.28765,1.717887,-4.8207264,6032.4106,1.040874616742471,670.324,1089.716,83.658676,56.52939,1723000.0,25.34,,-0.03692307692307694,0.3261538461538462,0.583076923076923,0.03330769230769231
9,2002-07-01,-13.22144230140173,989.81433,-13.733137874639457,25.4,45.977011494252885,1149.832197,-8.642010765423159,0.7862101,0.33775368,5.1060934,1.7462496,5.8,0.9929496,1.5443089,-1.8572258,4.3746066,6.528678,-5.2534113,6153.295,2.003915317037608,699.648,1160.86,84.489365,63.652252,1691000.0,25.33,3.1166668,-1.0653846153846154,0.5469230769230768,0.4330769230769231,0.03538461538461538
10,2002-10-01,10.559647454195435,815.28467,-17.632565493368844,39.69,56.25984251968503,900.452725,-21.688336145974173,0.53864855,0.1442631,4.272344,1.6737503,5.7,1.2515858,0.6170274,0.3745343,1.1600071,2.090525,-5.3815536,6255.4053,1.6594409986844472,707.764,1185.128,85.54682,64.81805,1697333.4,29.11,3.3333335,-1.2961538461538462,-0.5946153846153845,0.07692307692307694,0.036538461538461534
11,2003-01-01,0.5210459207912986,879.8191,7.915570152938112,28.62,-27.89115646258503,952.094453,5.735084870779872,0.5911645,0.76830626,3.999688,1.3670316,5.8,0.38214386,-0.051319424,1.904944,-1.8486367,2.0784216,-5.9413548,6432.9814,2.8387625019277163,694.68,1209.76,85.87373,67.96242,1729666.6,30.12,2.3166666,0.4623076923076923,0.1630769230769231,-0.29846153846153844,0.03023076923076923
12,2003-04-01,15.402948963191422,848.1793,-3.596171076531529,29.15,1.8518518518518379,905.996482,-4.841743469332027,1.0284642,1.9299569,3.9199998,1.174754,5.9,0.8575433,0.6257063,0.3661616,1.3364422,2.2824311,-6.2843204,6487.656,0.8499107427856201,703.964,1237.372,86.61014,69.00626,1736000.0,28.05,2.6833334,-0.05384615384615386,-0.002307692307692327,-0.28923076923076924,0.023692307692307693
13,2003-07-01,6.993766837111121,974.5009,14.893266081829637,19.52,-33.03602058319039,1114.297669,22.99139026899666,-0.1636035,-0.23375583,3.6206343,1.0588892,6.2,0.84147835,-0.744127,1.0176626,0.8398139,-0.050747044,-6.6013656,6696.5264,3.219504856607691,709.876,1236.744,87.33894,70.61656,1753666.6,28.88,2.6833334,1.0707692307692307,0.5846153846153845,0.11461538461538459,0.02353846153846154
14,2003-10-01,13.110420114783677,995.96533,2.202607509136212,22.72,16.393442622950815,1212.026905,8.770478366674194,0.7465406,0.8669205,4.2276554,0.9478124,6.1,2.831462,0.663733,7.75518,1.9372418,1.16661,-6.972327,6809.183,1.6823139829628797,723.628,1251.172,89.81191,73.38909,1889666.6,28.09,3.15,0.2569230769230769,0.6153846153846154,0.036153846153846175,0.01823076923076923
15,2004-01-01,2.783316870274316,1111.9158,11.642018703602863,18.31,-19.410211267605636,1384.08502,14.195898976351518,0.37953904,0.9291424,4.288438,0.93546873,5.8,0.35360694,0.96679825,7.7262306,5.249664,4.1580253,-6.0709205,7022.392,3.1311979719152783,761.616,1303.196,90.12949,74.89407,2035666.6,30.3,2.8666668,0.7892307692307692,0.24076923076923076,0.3823076923076923,0.018615384615384614
16,2004-04-01,6.330347677537064,1126.2115,1.2856818834663386,16.74,-8.574549426542877,1467.099154,5.997762622992631,0.8462378,0.7825178,4.0100026,0.93370974,5.7,1.8515078,0.7061684,-5.7638736,3.476286,5.446917,-6.3354836,7155.263,1.8921045706363326,788.092,1374.18,91.79825,74.14663,1918333.4,32.29,2.1000001,0.14,0.05076923076923079,0.2907692307692308,0.01823076923076923
17,2004-07-01,-1.117116865663636,1140.8356,1.298521636477723,14.34,-14.336917562724006,1470.119267,0.20585609307768316,0.7855785,1.3930069,4.597098,1.096129,5.6,1.097216,0.57919735,0.9904431,3.0138633,5.8283424,-5.9854703,7298.5566,2.0026321883626075,811.844,1454.272,92.80547,71.60808,1937333.4,33.22,2.3000002,0.19615384615384615,0.09769230769230768,-0.15615384615384617,0.018769230769230767
18,2004-10-01,11.441654744708092,1114.5831,-2.301164164231906,13.34,-6.973500697350065,1423.929103,-3.14193310956723,0.6377282,0.36036786,4.301407,1.5139067,5.4,1.5316751,0.5620742,2.0474856,1.7451667,2.2100415,-5.6950474,7403.2354,1.4342397509118365,826.012,1486.412,94.22695,71.53483,1977000.0,47.76,3.4,-0.1723076923076923,-0.20076923076923078,0.3376923076923077,0.02676923076923077
19,2005-01-01,2.7854428646101557,1211.9163,8.732700145911053,13.29,-0.37481259370315545,1619.344265,13.723658122324366,1.0737568,2.0421822,4.176562,2.0426562,5.4,2.6043286,1.4181771,-0.5901176,2.800926,5.21632,-5.3918934,7620.4043,2.933432320685103,849.148,1563.948,96.68093,75.889984,1965333.4,40.38,3.5666666,0.7028571428571428,0.32142857142857145,0.07928571428571428,0.03578571428571429
20,2005-04-01,1.1166486853651287,1180.591,-2.5847742125425843,14.02,5.492851768246809,1528.64824,-5.6007871186056875,0.50504947,0.7917336,4.3036084,2.5891795,5.3,0.8423739,1.3941584,5.41045,2.3731997,1.7650206,-4.633232,7801.016,2.3701065309618796,869.3,1591.552,97.495346,67.90109,2071666.8,53.22,6.286667,-0.28583333333333333,-0.2275,0.43249999999999994,0.045000000000000005
21,2005-07-01,7.148988155312153,1191.3276,0.9094258722961879,12.04,-14.122681883024256,1589.75218,3.997253154852687,0.6758005,0.80732733,4.158593,2.9267194,5.1,1.9992003,0.5627264,-0.9815044,4.337744,3.1466115,-4.506411,7860.2344,0.7591113772872804,907.008,1641.632,99.44447,65.5525,2051333.3,55.36,8.450001,0.15076923076923074,-0.08615384615384618,0.19692307692307692,0.055615384615384615
22,2005-10-01,6.60963412533041,1228.8114,3.146388952963064,11.92,-0.9966777408637828,1659.68523,4.398990665324964,1.514623,1.7532454,4.2151566,3.438281,5.0,1.9327339,-0.42543033,2.3724449,-0.15567528,2.476077,-4.8525176,7956.3467,1.222766333787706,905.596,1682.28,101.36647,60.2323,2100000.0,61.7,11.726667,0.24000000000000002,0.19214285714285714,0.09499999999999999,0.06785714285714285
23,2006-01-01,7.307845467782988,1248.293,1.5854019583477097,12.07,1.2583892617449743,1673.15777,0.811752720122727,0.9325135,1.8506818,4.486985,3.9099991,5.0,0.32282862,0.9128837,-1.4920595,4.020338,5.711294,-4.1922426,8194.252,2.990132393300571,942.004,1778.36,101.69371,54.083714,2068666.8,58.34,13.346667,0.09999999999999995,-0.04923076923076924,-0.04923076923076922,0.07530769230769231
24,2006-04-01,1.1207218094261309,1294.8279,3.7278827967472505,11.39,-5.633802816901401,1901.60232,13.653497243120105,0.52074504,-0.06265934,4.5767713,4.506305,4.7,2.7882547,0.95438623,2.4975748,4.1987085,1.7283318,-3.594376,8394.74,2.446690680247565,981.556,1809.096,104.52919,54.310825,2120333.3,66.06,9.966667,0.32,0.6276923076923077,0.09461538461538462,0.088
25,2006-07-01,4.748143294370515,1270.2043,-1.9016890198303549,13.08,14.83757682177349,1801.03368,-5.288626278074792,0.90241164,0.85684395,5.0627103,4.82681,4.7,0.43087107,0.5858873,-12.513752,3.595919,2.0516374,-3.5015793,8443.683,0.5830198433781186,1016.852,1846.212,104.979576,56.892914,1855000.0,73.2,10.08,-0.24461538461538465,-0.3469230769230769,0.42615384615384616,0.09869230769230769
26,2006-10-01,5.873771066157936,1335.847,5.167885197680389,11.98,-8.409785932721714,1803.32709,0.12733854038753378,0.9440155,0.14504652,4.8963575,5.036342,4.6,0.5400337,0.40041167,-8.230007,1.7072344,2.6930802,-3.4728296,8530.366,1.02660178028946,1034.212,1895.932,105.5465,55.17596,1702333.4,59.09,10.263334,0.24230769230769234,-0.3130769230769231,0.04461538461538461,0.10200000000000001
27,2007-01-01,1.806899352567037,1418.3005,6.172376028093041,11.56,-3.5058430717863076,1957.588259,8.554253405021495,-0.41017094,-0.7241822,4.625232,5.029047,4.5,0.0108933,0.24283376,-7.773646,3.5818522,-1.6570224,-3.1731339,8703.738,2.03240986377371,1071.256,1864.516,105.558,54.853874,1570000.0,58.96,9.803333,0.4369230769230769,0.09923076923076922,0.19384615384615383,0.10253846153846154
28,2007-04-01,6.349167249733977,1420.8638,0.18073038823578358,14.64,26.643598615916964,1990.013549,1.6563896851610638,0.9803964,1.6465085,4.676431,5.1098056,4.5,1.3201141,1.0231847,-6.921441,1.8075992,1.4532496,-3.6988034,8872.851,1.9429927693136229,1090.62,1891.612,106.951485,55.50957,1461333.4,68.47,9.903334,0.019230769230769232,0.12384615384615384,-0.14307692307692307,0.10446153846153847
29,2007-07-01,4.990649121607858,1503.3486,5.80525733712125,16.23,10.860655737704917,2072.001669,4.119977979104705,1.1325585,1.9889331,4.8455772,4.8553834,4.5,0.9257227,1.1541936,-0.7071196,3.5180027,2.3131583,-3.717782,8890.837,0.20270823887382772,1128.988,1935.368,107.94156,55.08599,1451000.0,72.22,12.56,0.35615384615384615,-0.08846153846153847,-0.23846153846153847,0.1026923076923077
30,2007-10-01,-2.9930822122403336,1526.7467,1.556398828588379,18.0,10.905730129390022,2001.746565,-3.3906876162849375,0.63300526,0.6835481,4.73384,4.433359,4.7,0.71519774,0.08337764,-11.164714,3.239363,1.687328,-4.2918906,9030.612,1.5721241993301494,1165.56,1968.024,108.713554,58.02933,1289000.0,80.97,16.496668,0.03692307692307693,-0.37846153846153846,-0.6038461538461538,0.09538461538461539
31,2008-01-01,-7.813590047689987,1468.3552,-3.8245702446908836,22.5,25.0,1903.794789,-4.893315553160438,1.2266524,2.5159833,4.2667136,3.4944036,4.8,1.2873752,0.32183522,-9.542281,3.60856,3.293656,-4.630787,9252.318,2.4550495581030507,1207.62,2032.844,110.113106,59.524235,1166000.0,93.68,12.886667,-0.2384615384615385,-0.20461538461538462,-0.37615384615384617,0.07823076923076924
32,2008-04-01,-3.8717418573991624,1322.7035,-9.919377818119202,25.61,13.822222222222225,1709.771995,-10.191371208758992,1.0831876,1.791969,3.6587286,2.1031232,5.0,-0.7550816,-0.24798016,-8.747855,5.307626,4.294082,-5.2318225,9461.058,2.256083286372146,1271.716,2120.136,109.28166,64.723076,1064000.0,102.33,8.85,-0.8676923076923077,-0.06076923076923077,0.2946153846153846,0.04253846153846153
33,2008-07-01,-2.63605623286806,1280.0012,-3.2284105999568435,23.95,-6.481843030066381,1713.975559,0.24585523755755734,1.3009377,2.4684312,3.8656669,1.6538628,5.3,0.3884174,-1.5075217,-5.0125294,5.9969397,4.4283924,-7.5794272,9515.533,0.5757812709741295,1347.98,2214.024,109.70613,64.69862,1010666.7,138.4,10.190001,-0.1123076923076923,0.29,-0.3807692307692308,0.044076923076923076
34,2008-10-01,-21.090759779771258,1166.3615,-8.878093239287587,39.39,64.4676409185804,1688.935748,-1.460919957027218,1.5418772,2.352936,3.8479247,1.5199609,6.0,-1.1810992,-3.296642,-14.676785,1.3961682,0.527907,-7.2553864,10047.829,5.593969355158568,1366.8,2225.712,108.41039,60.792973,862333.3,93.52,8.236667,-0.38923076923076927,0.2561538461538462,1.0799999999999998,0.03569230769230769
35,2009-01-01,-3.85023431508486,903.254921,-22.5578929860082,40.0,1.5486164001015545,1241.266038,-26.50602372115817,-2.2901974,-4.962591,3.2270644,0.303817,6.9,-8.904684,-4.2749705,-23.115576,-14.89114,-16.669718,-9.827516,10723.157,6.721133490627662,1163.268,1854.692,98.75679,66.60701,663000.0,35.82,6.5266666,-2.140769230769231,-0.22692307692307695,-0.6315384615384615,0.009846153846153846
36,2009-04-01,21.435880501769233,797.866805,-11.667593892909434,44.14,10.349999999999993,1050.635366,-15.357761041070228,-0.6878605,-1.9965483,2.7105284,0.211382,8.3,-2.3712766,-5.6362247,-20.713924,-13.237187,-19.631508,-12.692976,11149.495,3.9758627053581463,1009.284,1490.588,96.41499,63.91651,525666.7,46.13,7.1033335,-0.2215384615384616,-0.08153846153846155,-0.7423076923076922,0.0021538461538461538
37,2009-07-01,16.06374192971806,919.323942,15.222733448598614,26.35,-40.303579519710006,1263.207425,20.232714972208555,0.5317636,0.646425,3.298211,0.17138411,9.3,0.414131,-2.7670038,1.648692,-0.6717602,-2.2734694,-13.836577,11567.551,3.749550988632211,1002.504,1456.7,96.81428,70.447556,534333.3,68.11,7.0166664,1.0338461538461539,0.54,0.0838461538461538,0.0019230769230769232
38,2009-10-01,7.609555029824925,1057.07855797534,14.984338999771186,25.61,-2.8083491461100674,1501.782333,18.886439651825192,0.8603798,0.9925983,3.4995265,0.1626531,9.6,2.3057704,1.697776,10.106051,6.200465,8.969868,-13.364355,11933.032,3.15953653456984,1064.664,1587.364,99.04659,123.25493,588333.3,65.82,6.6066666,1.083846153846154,0.20999999999999996,0.9907692307692307,0.0026923076923076926
39,2010-01-01,7.122941068528666,1115.10268063073,5.489102225905107,21.68,-15.345568137446309,1554.249614,3.4936674807720003,0.7829396,1.7537167,3.4480195,0.06076562,9.9,0.699348,1.554001,-3.5127409,7.8004045,7.3382044,-12.974948,12334.847,3.367249832230401,1147.712,1703.848,99.73927,119.71887,567666.7,77.91,7.0400004,0.5064285714285715,-0.07142857142857144,-0.24071428571428574,0.0007142857142857143
40,2010-04-01,-10.165940314011376,1169.43119269817,4.8720636234781844,17.59,-18.86531365313653,1686.599096,8.515329893464575,0.1584906,1.420455,3.7033136,0.11065081,9.8,1.447928,1.9044294,8.866702,5.039238,5.950763,-13.215445,12796.707,3.744351267591739,1205.548,1805.24,101.183426,116.4797,618000.0,80.37,5.926667,0.5025000000000001,0.30250000000000005,0.5,0.001
41,2010-07-01,13.902470622830652,1030.71008330309,-11.86227203970981,34.54,96.36156907333712,1514.72615,-10.190503861149935,-0.035261113,0.112036325,3.4716473,0.14819838,9.7,1.7431799,1.945681,-2.588997,3.656759,5.0355663,-13.11602,13225.646,3.3519482785688615,1249.632,1896.144,102.947235,113.472984,602000.0,74.94,6.476667,-0.5084615384615385,0.29923076923076924,-0.1469230769230769,0.003
42,2010-10-01,9.963763556176083,1141.20115690593,10.719898387794192,23.7,-31.383902721482336,1680.375508,10.935927791304056,0.2931441,0.37307417,2.7677257,0.1558359,9.5,0.40724793,1.3273426,-3.7098527,3.2009428,2.951463,-12.086795,13585.597,2.7216137495287507,1289.632,1952.108,103.366486,122.058,579666.7,80.77,7.91,0.5615384615384615,-0.1338461538461539,-0.43076923076923074,0.0033846153846153844
43,2011-01-01,5.522593422184173,1257.63598797798,10.202831496222164,17.75,-25.105485232067505,1947.561056,15.90034767395574,0.80972695,1.8398066,2.8484092,0.13969375,9.5,2.9842303,0.420454,-6.44049,6.166726,2.552723,-11.635455,14049.381,3.4137918267412193,1369.16,2001.94,106.45118,121.39181,542333.3,93.23,8.613334,0.7757142857142858,0.4907142857142857,-0.00928571428571427,0.003
44,2011-04-01,2.143702412151153,1325.82671751112,5.4221356724036385,17.74,-0.05633802816902289,2096.430461,7.643888983165215,1.0672256,2.4817548,3.4434733,0.13074192,9.0,2.3909879,0.53907216,7.3755383,3.9057488,6.7328734,-11.275672,14294.58,1.7452655031563458,1422.636,2136.728,108.996414,128.27351,582333.3,116.94,8.433333,0.41250000000000003,0.0375,0.05916666666666668,0.0023333333333333335
45,2011-07-01,-12.349396289897111,1320.63904926284,-0.3912779988336945,16.52,-6.877113866967299,2056.36922,-1.910926298070037,1.1369982,1.9942989,3.1885986,0.044858724,9.1,1.5730228,0.39494956,-1.3737837,3.834572,3.2928786,-11.336877,14367.592,0.5107670179886448,1477.188,2207.088,110.71095,136.61877,574333.3,111.71,7.713333,-0.2276923076923077,0.04692307692307695,-0.43076923076923074,0.0006923076923076924
46,2011-10-01,11.653295077165943,1131.4203600833,-14.327812681683072,42.96,160.04842615012106,1600.888822,-22.149738168129176,0.65207374,0.47137034,2.397719,0.025360936,9.0,0.83431953,1.1160384,7.835171,2.2572615,0.9958926,-10.962136,14815.328,3.1162911641700264,1510.532,2229.068,111.634636,137.44556,619333.3,105.42,8.17,-0.797142857142857,-0.5742857142857142,-0.39142857142857146,0.0002142857142857143
47,2012-01-01,13.046471805122371,1257.60480453436,11.152746485998332,23.4,-45.53072625698324,1841.363205,15.021304396364886,0.4489085,0.43440497,2.036369,0.016379375,8.7,1.6919358,1.0397817,8.449953,0.6050858,1.3397423,-10.761274,15248.214,2.9218792861015253,1519.672,2258.932,113.52342,136.91223,671666.7,108.09,8.633333,0.9292307692307692,0.19461538461538463,0.10692307692307693,0.0
48,2012-04-01,0.2874004545951488,1408.46786041942,11.99606230360406,15.5,-33.760683760683754,2063.50797,12.064147062176133,0.5631652,0.5882298,2.0272481,0.07089519,8.3,2.1112933,1.0046959,5.3101673,0.9814804,1.7990217,-9.750202,15606.518,2.3498096236057586,1534.5873,2299.5706,115.920235,138.0368,707333.3,123.41,7.556667,0.9561538461538461,-0.024615384615384612,0.04923076923076923,0.0006923076923076924
49,2012-07-01,4.924145272841716,1362.15874544066,-3.2879071138314786,17.08,10.193548387096762,1984.44229,-3.831614956156437,0.21110778,-0.4127961,1.8061082,0.08897619,8.2,-0.36542302,0.62265,4.524034,1.0823747,-0.4708547,-9.428366,15880.841,1.757746346750766,1551.1973,2288.743,115.496635,138.7893,739333.3,94.17,7.763334,-0.23999999999999996,0.02230769230769232,-0.09769230769230769,0.0013076923076923079
50,2012-10-01,-0.9713250901798545,1440.67450263613,5.764068061690564,15.73,-7.903981264636995,2081.273531,4.879519121717557,0.45146546,0.7944766,1.6262064,0.10100478,8.0,0.8334646,-0.013261614,5.545537,0.031336054,-1.5002202,-9.278698,16090.64,1.3210824288209855,1551.6833,2254.4067,116.45926,142.03433,780333.3,111.36,8.33,0.46923076923076923,-0.13384615384615384,0.2253846153846154,0.0013076923076923079
51,2013-01-01,7.49786920788203,1426.18797808056,-1.0055376512225878,18.02,14.55816910362364,2110.847332,1.420947345916157,0.66495377,0.7025357,1.6928385,0.086272575,7.8,1.4290892,0.49215373,16.360533,-0.37812543,0.3523156,-8.72379,16457.613,2.2806613037144707,1545.816,2262.3494,118.123566,139.13388,908000.0,110.8,10.766666,-0.10153846153846152,0.04692307692307695,0.49461538461538457,0.0023076923076923075
52,2013-04-01,3.9593075862647047,1569.18587246845,10.026581108918343,12.7,-29.522752497225312,2364.822569,12.031909326164381,0.401949,0.4764298,1.9339331,0.085433334,7.7,1.7847348,0.77641517,4.9926558,1.1807878,0.14922437,-6.8593407,16796.01,2.056173030681885,1564.0688,2265.7253,120.23176,135.28763,953333.3,108.46,10.93,0.963076923076923,0.09384615384615386,0.06384615384615383,0.0006923076923076924
53,2013-07-01,5.148364914654382,1606.27760773727,2.363756640917991,16.86,32.75590551181102,2429.272597,2.7253642131491507,-0.109485,-0.49110624,1.9728752,0.051729675,7.5,-0.06668563,0.44260374,-8.951047,0.3271715,-0.08220541,-5.2319765,16763.287,-0.19482603308761393,1569.186,2263.8628,120.15158,134.6616,868000.0,102.49,10.703334,0.25384615384615383,0.055384615384615414,0.23461538461538464,0.0003076923076923077
54,2013-10-01,10.11029102515522,1681.54666211215,4.685930626954948,16.6,-1.5421115065243018,2668.629775,9.853039065915903,0.5408473,0.32334495,2.6972337,0.030851554,7.3,0.93481874,0.4056543,1.6513033,0.08095826,0.23440647,-6.3503504,16763.287,0.0,1570.4564,2269.1694,121.27478,136.70581,882333.3,107.85,13.266666,0.5469230769230768,0.33153846153846156,-0.26153846153846155,0.0
55,2014-01-01,2.2412380553753715,1848.35652094194,9.920025568619328,13.72,-17.34939759036145,2891.931942,8.367671270549337,0.3697724,0.54283816,2.7314565,0.05805156,7.0,0.51953584,0.6678435,14.355877,2.5406332,0.17715819,-5.208178,17376.465,3.6578625659752673,1610.356,2273.1895,121.90485,133.53346,1009000.0,109.95,12.3133335,0.7007692307692307,0.0061538461538461955,0.1323076923076923,0.001
56,2014-04-01,4.026655013148417,1872.33517921729,1.2972961657381044,13.88,1.1661807580174877,2915.294341,0.8078474690466741,0.622786,1.366626,2.757893,0.047957372,6.6,0.8991438,0.6888966,-7.433102,-0.42221686,2.745048,-5.207621,17625.236,1.431654827377149,1603.5568,2335.5896,123.000946,133.24323,934000.0,105.95,12.873333,0.09153846153846154,-0.12307692307692306,0.18461538461538465,0.001
57,2014-07-01,3.0665617917604506,1960.23124036384,4.694461874251266,11.57,-16.642651296829968,2964.815539,1.6986688892283164,0.5310708,0.5659128,2.6128967,0.030257145,6.2,2.40218,1.3771981,5.674518,1.5977969,1.7940485,-5.1070848,17656.646,0.1782103797078216,1629.1783,2377.4912,125.95565,134.13513,987000.0,111.03,14.139999,0.41615384615384615,-0.17846153846153845,0.013076923076923073,0.0003076923076923077
58,2014-10-01,4.712481133748198,1972.28514504996,0.6149225886167731,16.31,40.968020743301636,2737.941276,-7.65222186728427,0.25583705,-0.08275172,2.488481,0.024907809,6.1,0.67553,0.5704656,4.4241767,0.28230447,-0.86230475,-5.3095417,17847.93,1.0833541092685417,1633.7776,2356.99,126.80652,126.01262,1030666.6,94.67,15.986667,0.06923076923076922,-0.5053846153846154,-0.11153846153846156,0.0
59,2015-01-01,1.56014993896599,2058.90237885689,4.391719626562218,19.2,17.71919068056407,2993.974145,9.35129147013889,-0.24844043,-1.1926553,2.2682717,0.019920316,5.7,0.093016066,0.5880347,1.8111337,-0.7831421,-0.06944106,-5.311031,18165.822,1.7811141123928564,1620.9828,2355.3533,126.92447,119.048485,1049333.4,55.27,16.98,0.45692307692307693,0.22923076923076918,-0.23461538461538461,0.0
60,2015-04-01,0.5516455794582305,2067.88724075851,0.4363908650495629,15.29,-20.36458333333333,3113.454372,3.9906900064429207,-0.64728475,-2.5984838,1.9610065,0.0230164,5.5,-0.76671755,-1.1166904,-6.893269,-5.791722,-3.0090303,-4.982454,18176.191,0.05707971816524271,1527.1,2284.48,125.95132,108.22855,977000.0,53.69,16.27,0.010769230769230745,0.2515384615384615,-0.43615384615384617,0.0
61,2015-07-01,-5.7862521191182505,2063.11183222367,-0.23093176652555503,18.23,19.228253760627865,3116.374697,0.0937969422729612,0.6819548,0.5507798,2.1576774,0.017749198,5.4,1.672519,-1.3996475,18.5261,0.44843313,-0.55224675,-4.1817293,18176.654,0.002547288373011547,1533.948,2271.864,128.05788,109.29159,1158000.0,60.31,17.776669,0.21307692307692305,0.10538461538461538,0.06538461538461542,0.0003076923076923077
62,2015-10-01,5.012326355934348,1920.0265516397,-6.935410788166008,24.5,34.393856280855736,2735.486397,-12.222159946513,0.37769124,0.0,2.216967,0.040171895,5.1,0.9499785,0.0644609,0.7484132,-2.1698296,-0.86483824,-5.0463257,18174.719,-0.010645523648067368,1500.664,2252.216,129.2744,109.17689,1166666.6,47.29,19.39,-0.6469230769230769,-0.4007692307692308,-0.2323076923076923,0.0003076923076923077
63,2016-01-01,2.2107795676768403,2043.93686266072,6.453572786022188,18.21,-25.673469387755098,2822.970948,3.198135113957945,-0.007553587,-1.3522799,2.181668,0.11829998,5.0,-0.3692107,-1.3663139,-3.5428503,-3.2694838,-2.9096668,-4.366504,18946.738,4.247763060325727,1451.6,2186.684,128.7971,106.53963,1125333.4,36.61,22.126667,0.3785714285714285,-0.17428571428571432,-0.135,0.0013571428571428571
64,2016-04-01,4.745452653552322,2059.74117660116,0.7732290673532205,13.95,-23.393739703459648,2768.641129,-1.924561747207898,-0.06209943,-1.0931844,1.9083357,0.28970492,4.9,0.14658482,-0.67127484,1.5402769,-2.9674792,-2.168588,-5.438641,19289.383,1.8084643382940024,1408.524,2139.264,128.9859,108.68564,1142666.6,39.76,21.556667,-0.019166666666666665,-0.30583333333333335,0.36166666666666664,0.004
65,2016-07-01,2.728138000173339,2098.85522650561,1.89897887893824,15.63,12.043010752688188,2862.818846,3.4015862877113223,0.7997842,0.684215,1.745717,0.259986,4.9,1.1434222,-0.3756042,2.5087588,2.1392577,1.1596562,-5.3221455,19406.152,0.60535373267252,1438.656,2164.072,130.46075,109.161194,1171333.4,48.05,22.513334,0.10076923076923079,0.3092307692307692,-0.07076923076923078,0.003230769230769231
66,2016-10-01,5.8298947443141325,2168.27208963729,3.307367857251031,13.29,-14.971209213051829,3110.655963,8.657100932051076,0.4244762,0.50530523,1.5612154,0.29732966,4.9,0.9345633,0.27241066,-1.0244734,2.7934396,1.927293,-5.4488735,19597.813,0.9876301082254679,1478.844,2205.78,131.68,111.38967,1159333.4,48.24,22.373335,0.5421428571428571,0.31214285714285717,0.037142857142857144,0.005
67,2017-01-01,8.37842107623627,2238.82668170755,3.253954723093022,14.04,5.643340857787815,3372.809339,8.427591450748938,0.63478464,0.90153366,2.129441,0.4279983,4.8,0.98901707,-0.04800824,6.5267353,-0.052473485,1.6097732,-5.4563274,20001.29,2.0587858451348806,1478.068,2241.288,132.98233,106.29081,1235000.0,54.96,23.15,0.3661538461538462,0.13,1.1792307692307693,0.0047692307692307695
68,2017-04-01,3.55196647615881,2362.7182203973,5.5337708676608255,12.37,-11.89458689458689,3444.35955,2.1213832093222917,0.7037385,1.529202,2.4428115,0.60662097,4.6,1.6735952,0.06362559,-1.4574898,2.7996008,2.4016495,-5.562642,19870.652,-0.6531478719622674,1519.448,2295.116,135.20792,107.75241,1217000.0,52.2,23.83,0.4330769230769231,-0.14153846153846153,-0.5923076923076923,0.008615384615384615
69,2017-07-01,4.4612366162409085,2423.40889106297,2.568680011934088,11.18,-9.620048504446233,3517.522657,2.1241425564877403,0.11537444,-0.08461431,2.2537208,0.9053128,4.4,0.0641125,1.4049766,-2.711586,0.0642307,0.7732963,-5.740262,19868.947,-0.008580493483545393,1520.424,2312.864,135.2946,110.97414,1184000.0,47.08,25.856667,0.22846153846153847,0.02076923076923076,-0.35307692307692307,0.015000000000000001
70,2017-10-01,8.405969592240506,2519.35967190607,3.9593310562219486,9.51,-14.93738819320215,3705.166313,5.334540081115957,0.47805318,0.38957113,2.238073,1.0531727,4.3,1.004312,-0.3103896,-0.16891892,1.415661,-0.018155925,-5.7394667,20269.268,2.0148073272327816,1541.948,2312.444,136.65338,112.82211,1182000.0,56.79,25.61,0.34769230769230774,0.10076923076923078,0.04692307692307693,0.021230769230769234
71,2018-01-01,-2.794475090759393,2673.61052315174,6.12262127419736,11.04,16.088328075709768,3816.132267,2.9948980592493957,0.7955215,1.6871886,2.369931,1.2170573,4.2,2.5196533,1.3980646,4.5403233,4.02867,5.477835,-0.7725973,20517.145,1.2229203343702366,1604.068,2439.116,140.09657,112.25191,1235666.6,66.73,28.740002,0.49230769230769234,-0.2853846153846154,0.01923076923076922,0.021384615384615387
72,2018-04-01,0.8411023206670739,2640.86599032929,-1.224730847627331,19.97,80.88768115942028,3801.010544,-0.39625783232842826,0.8426481,0.84619904,2.753136,1.5739539,4.0,0.50317115,0.5559496,5.0445137,2.2704802,2.6886823,-5.8935924,21114.305,2.910541403299538,1640.488,2504.696,140.8015,115.33127,1298000.0,69.02,30.423332,-0.003076923076923097,0.08923076923076922,-0.1946153846153846,0.029
73,2018-07-01,6.931537121900942,2718.37346502223,2.9349264588497848,16.09,-19.42914371557336,4083.44116,7.430408643454678,0.5444076,0.46067423,2.9187973,1.8608205,3.9,1.1137496,1.1547712,-1.7719569,3.1612535,-0.0437557,-6.197947,21218.58,0.4938594947832886,1692.348,2503.6,142.36967,114.05767,1275000.0,77.44,28.600002,0.2630769230769231,0.5646153846153846,-0.38,0.034923076923076925
74,2018-10-01,-12.880634274604164,2913.97813988603,7.195651273847337,12.12,-24.673710379117463,4216.406209,3.2562009293161998,0.4018487,0.6059583,2.9220736,2.0629454,3.8,0.4661138,0.8422242,-2.0653627,-1.5308956,2.4647708,-6.028854,21538.88,1.5095260851574421,1666.44,2565.308,143.03328,112.68759,1248666.6,82.72,27.19,0.5084615384615384,-0.2546153846153846,-0.39384615384615385,0.039461538461538465
75,2019-01-01,16.959270414757125,2506.84718262722,-13.971654477639072,25.42,109.73597359735976,3351.508262,-20.512680802761807,0.40711835,0.35813504,3.0433033,2.3426187,3.8,0.46045217,0.12930025,-6.6470904,-0.17786355,0.46778005,-6.3509865,21997.035,2.1271068876375976,1663.476,2577.308,143.69188,114.75699,1165666.6,50.57,29.163334,-1.2569230769230768,-0.6323076923076923,0.16999999999999996,0.047692307692307694
76,2019-04-01,4.568959641074431,2834.39981957515,13.066318490329731,13.71,-46.066089693155,3826.637976,14.176593845436859,0.2781798,-0.7461566,2.649185,2.4260736,3.8,-0.0783796,-0.93102705,1.6585681,-0.22170374,-2.2105298,-6.690542,22050.08,0.2411461362860967,1659.788,2520.336,143.57925,114.13395,1185000.0,67.93,32.056667,1.0446153846153847,0.1230769230769231,-0.5753846153846154,0.048615384615384616
77,2019-07-01,0.6975167652717931,2941.76063745793,3.787779590632079,15.08,9.992706053975198,3893.325752,1.7427249825631375,0.7126733,1.0786192,2.3345866,2.343408,3.6,1.5409245,-0.6064778,6.9479647,-0.86613333,0.47485805,-6.496192,22045.28,-0.021768628503859855,1645.412,2532.304,145.7917,117.31512,1267333.4,67.52,33.11667,0.2761538461538461,-0.21230769230769228,-0.08923076923076924,0.05015384615384615
78,2019-10-01,5.69482707523658,2976.73727174433,1.1889694165132525,16.24,7.692307692307687,3785.965061,-2.757557364544927,0.33891863,-0.33952844,1.7926999,2.0154893,3.6,1.2264138,0.056609437,2.8932106,-0.48255035,-1.2996807,-6.818212,22740.857,3.1552196207079275,1637.472,2499.392,147.57971,116.55431,1304000.0,60.99,35.7,-0.027692307692307683,-0.3946153846153846,0.21769230769230774,0.044076923076923076
79,2020-01-01,-20.128372307255525,3230.78195009043,8.534333236511449,13.78,-15.147783251231528,4146.564755,9.52464399934938,0.7039253,0.9733895,1.7896655,1.6015093,3.6,0.53699505,-0.55194485,8.103269,-0.54132307,-3.0596306,-6.8734093,23222.592,2.1183678345983115,1628.608,2422.92,148.37221,118.43772,1409666.6,67.77,31.65,0.7215384615384615,0.11000000000000001,-0.2469230769230769,0.034692307692307696
80,2020-04-01,22.196023933354454,2584.59075993431,-20.001077142888988,53.54,288.53410740203196,2865.751307,-30.888543256332202,0.35494995,-0.91580915,1.3589084,1.0947194,3.8,-1.7990232,-1.6219378,4.1380973,-2.105114,-2.1157908,-7.0794287,23708.057,2.0904858510195634,1594.324,2371.656,145.70296,116.86899,1468000.0,14.85,39.823334,-1.6876923076923076,-0.6576923076923078,-1.746923076923077,0.03169230769230769
81,2020-07-01,8.604667240345577,3100.28512865954,19.952650791738378,30.43,-43.163989540530444,3582.156187,24.998850327663824,-0.9612335,-3.1782045,0.68226516,0.13976188,13.0,-3.4631197,-12.81887,-26.316988,-27.587614,-14.197,-25.71828,26498.26,11.769007472860382,1154.488,2034.952,140.65709,122.84897,1081666.6,41.64,40.903336,1.5823076923076924,0.6253846153846154,-0.6992307692307692,0.002
82,2020-10-01,16.82768961557518,3362.99898764966,8.473861212362376,26.37,-13.342096615182387,3746.993224,4.6016150160679725,1.1407802,1.7082585,0.64297503,0.11148437,8.8,12.326289,9.3896,34.637913,23.660698,17.324442,-17.084015,26965.543,1.7634478641239237,1427.648,2387.496,157.99489,127.92029,1456333.4,40.3,44.24667,0.8146153846153846,-0.06615384615384615,-0.42615384615384616,0.0023846153846153848
83,2021-01-01,8.675403786654734,3756.0714689572,11.688153423508796,22.75,-13.727720894956397,4908.013135,30.985375248706347,0.6964061,1.3337653,0.855961,0.090742186,6.8,1.2757629,1.5742444,8.606082,7.7030225,5.9370904,-10.172011,27768.006,2.9758829629353167,1537.62,2529.244,160.01053,133.8491,1581666.6,51.22,49.153336,1.2014285714285715,1.082857142857143,0.3321428571428572,0.002
84,2021-04-01,8.12946861456475,3972.89220843025,5.772540306141871,19.4,-14.725274725274728,5518.548821,12.43956911292985,1.0302169,3.1361737,1.3275672,0.04909836,6.2,5.703961,0.3543554,-0.44257113,7.061822,5.762833,-20.21986,28152.398,1.384298173948828,1646.204,2675.0,169.13747,128.00703,1574666.6,63.52,58.600002,0.4983333333333333,0.6224999999999999,1.5175,0.001
85,2021-07-01,-1.9388675180319086,4297.49663188188,8.17048151376567,15.83,-18.402061855670095,5742.295473,4.054447269698258,1.8289963,2.5208724,1.5792602,0.02242063,5.9,5.608253,1.5928878,0.44453853,4.9452,3.8918846,-11.507378,28549.264,1.409705844596254,1727.612,2779.108,178.62312,129.14384,1581666.6,76.94,64.340004,0.5953846153846154,-0.054615384615384614,-0.12769230769230772,0.0
86,2021-10-01,15.171591747937011,4307.53875078971,0.23367368884785744,23.14,46.17814276689829,5478.418825,-4.595316441669295,1.6121857,3.2569652,1.3182313,0.047226556,5.1,-1.132387,0.795086,-0.3371918,1.836751,1.983805,-9.007296,28448.422,-0.35322101473439504,1759.344,2834.24,176.60042,239.48392,1576333.4,77.81,70.003334,0.2576923076923077,-0.43846153846153846,-0.16384615384615384,0.001
87,2022-01-01,-1.8153450553064974,4766.18297242831,10.647477554427454,17.22,-25.583405358686264,5580.167132,1.857256815336683,2.1325011,3.5828483,1.5295048,0.052695293,4.2,3.3063543,1.0282363,7.231973,7.8886204,6.806338,-5.8853145,29637.002,4.178017325530403,1898.132,3027.148,182.43945,240.19734,1690333.4,77.24,59.4,0.34928571428571425,-0.305,0.46428571428571425,0.0013571428571428571
88,2022-04-01,-9.485281181988238,4530.41345168347,-4.946715686509162,20.56,19.396051103368173,5144.782154,-7.802364475845936,2.2199073,4.0519333,1.9501953,0.30004025,3.8,3.4578524,0.9225612,1.617033,2.3699095,7.868001,-2.4732919,30420.357,2.6431654591783538,1943.116,3265.324,188.74794,237.18245,1717666.6,107.29,50.846664,-0.4141666666666666,-0.5108333333333334,1.4866666666666666,0.0006666666666666666
89,2022-07-01,-5.4344443179591435,3785.38484593114,-16.445046654085903,28.71,39.64007782101169,4244.785202,-17.493392821312458,2.331387,4.7366133,2.931031,1.0583873,3.6,2.754858,1.0096353,-4.773918,8.839235,2.3953464,-3.4740076,30588.305,0.5520908252325984,2114.8726,3343.5398,193.94768,227.53416,1635666.6,119.78,56.68,-1.143076923076923,-0.07692307692307689,0.21000000000000002,0.007923076923076923
90,2022-10-01,9.025980476292915,3585.62410354868,-5.277158083336753,31.62,10.135841170323934,4137.23939,-2.5335984480281404,1.3583168,0.21517263,3.099335,2.6298037,3.5,-0.07894227,0.5310524,-11.575295,1.803194,-3.5903833,-4.4465823,30948.264,1.1767863567464731,2153.0078,3223.494,193.79457,219.1117,1446333.4,88.9,61.35,-0.5264285714285715,0.1557142857142857,-0.05785714285714283,0.037714285714285714
91,2023-01-01,2.7470172632898286,3839.49658667681,7.080287163310639,21.67,-31.4674256799494,4377.139624,5.798558202357262,1.025176,0.88001525,3.824985,4.068744,3.6,-0.13912815,-0.6223433,-2.8347545,-4.8014565,-2.659536,-5.3877544,31439.49,1.587248964917709,2049.632,3137.764,193.52495,232.71664,1405333.4,82.82,54.67,0.4538461538461539,-0.28923076923076924,0.7469230769230768,0.07253846153846154
92,2023-04-01,5.065543833688009,4109.31244462147,7.027375903417399,18.7,-13.705583756345185,4479.626224,2.341405776458716,0.9398366,0.14515883,3.6484694,4.7163167,3.5,0.8156447,-0.062606096,-1.4231498,1.0967336,-0.29443023,-7.2381215,31478.182,0.12306815409537375,2072.111,3128.5254,195.10342,235.94884,1385333.4,79.19,49.85,0.5030769230769231,0.043846153846153826,-1.0638461538461539,0.08823076923076924
93,2023-07-01,-4.226585279477322,4450.38131180921,8.299901060922089,13.59,-27.326203208556144,4693.979632,4.785073514651339,0.67048,-1.5332776,3.5959516,5.1822643,3.5,-0.03658604,0.16873239,4.6438823,-5.694823,-2.040659,-7.7110715,32352.143,2.776402398334188,1954.108,3064.6829,195.03204,232.96729,1449666.6,74.51,48.59,0.5546153846153846,-0.037692307692307706,-0.5884615384615385,0.09330769230769231
94,2023-10-01,4.3974927411937905,4288.05412263992,-3.6474894575561523,17.52,28.91832229580573,4436.428527,-5.486838997856125,0.8840053,1.7577714,4.145724,5.4337225,3.7,1.5673366,0.62427783,-6.2313123,4.0480375,0.45426804,,33186.902,2.58022783838463,2033.211,3078.6047,198.08885,229.9492,1359333.4,95.86,47.59,-0.34923076923076923,-0.28923076923076924,0.3453846153846154,0.11038461538461539
