Date,GD,CL,APD,MTB,CSX,SNPS,HBAN,CDNS,MMM,FDX,EPD,FCX,SHW,KLAC,USB,CCI,MNST,MCO,OXY,HSY,PSA,AAPL,MSFT,AMZN,PFE,PEP,COKE,JNJ,WMT,GS
2000-01-01,24.875,28.1875,26.306659698486328,44.650001525878906,1.305556058883667,24.375,20.34090805053711,20.625,44.28125,38.8125,4.9375,6.03125,7.375,84.25,22.9375,37.875,0.046875,10.75,9.939887046813965,24.375,21.0,1.2126120328903198,53.125,3.3499999046325684,34.68927764892578,34.875,52.9375,35.125,56.5,105.25
2000-04-01,26.125,29.9375,28.503700256347656,45.0,1.1770830154418945,17.28125,14.375,20.375,41.5,38.0,5.625,4.625,7.0625,58.5625,21.0625,36.5,0.04296899959445,10.75,10.089584350585938,24.25,23.453125,0.935267984867096,40.0,1.8156249523162842,45.54079818725586,44.4375,45.5,50.9375,57.625,94.78125
2000-07-01,31.40625,23.600000381469727,33.30249786376953,51.0,1.211806058883667,18.9375,14.6875,25.6875,45.5625,44.34000015258789,7.234375,4.40625,7.125,41.1875,22.375,31.0625,0.056641001254320145,12.9375,10.448857307434082,27.0625,23.9375,0.4598209857940674,30.15625,1.921875,42.62037658691406,46.0,41.9375,46.96875,48.125,114.0625
2000-10-01,39.0,32.275001525878906,37.9278450012207,68.0,1.4409719705581665,23.71875,16.1875,27.5,60.25,39.959999084472656,7.859375,4.28125,8.770833015441895,33.6875,23.25,27.0625,0.04036499932408333,12.84375,11.616495132446289,32.1875,24.3125,0.265625,21.6875,0.778124988079071,43.64326477050781,49.5625,37.875,52.53125,53.125,106.9375
2001-01-01,31.3700008392334,27.6299991607666,35.52266311645508,69.9000015258789,1.8722219467163086,23.46875,14.25,18.489999771118164,51.95000076293945,41.68000030517578,8.662500381469727,6.525000095367432,8.493332862854004,39.375,23.200000762939453,14.8125,0.03515600040555,13.779999732971191,11.856010437011719,34.65999984741211,26.25,0.39410701394081116,27.34375,0.5115000009536743,38.851993560791016,43.95000076293945,40.4375,43.73500061035156,50.5,85.0999984741211
2001-04-01,38.904998779296875,29.4950008392334,42.321922302246094,75.5,2.0133330821990967,24.19499969482422,16.350000381469727,18.6299991607666,57.04999923706055,40.20000076293945,9.880000114440918,5.525000095367432,7.400000095367432,58.470001220703125,22.790000915527344,16.399999618530273,0.03541700169444084,16.75,12.7374267578125,30.854999542236328,29.649999618530273,0.4151790142059326,36.5,0.7074999809265137,37.99810028076172,44.20000076293945,39.349998474121094,49.959999084472656,48.79999923706055,85.80000305175781
2001-07-01,44.15999984741211,29.125,35.689178466796875,74.0,1.75,20.05500030517578,17.309999465942383,16.649999618530273,49.20000076293945,36.75,11.574999809265137,5.494999885559082,7.406667232513428,31.579999923706055,22.18000030517578,9.0,0.03645800054073334,18.5,11.65960693359375,32.685001373291016,33.400001525878906,0.276964008808136,25.584999084472656,0.2985000014305115,38.04553985595703,48.5,37.75,55.400001525878906,49.5,71.3499984741211
2001-10-01,39.81999969482422,28.875,43.39500427246094,72.8499984741211,1.9472219944000244,29.53499984741211,17.190000534057617,21.920000076293945,59.10499954223633,51.880001068115234,11.762499809265137,6.695000171661377,9.166666984558105,49.560001373291016,20.93000030517578,10.680000305175781,0.04374999925494194,19.93000030517578,12.708684921264648,33.849998474121094,33.400001525878906,0.39107099175453186,33.125,0.5410000085830688,37.808349609375,48.689998626708984,37.86000061035156,59.099998474121094,57.54999923706055,92.75
2002-01-01,46.974998474121094,28.575000762939453,47.77983474731445,80.37000274658203,2.1172220706939697,27.579999923706055,19.700000762939453,22.610000610351562,57.505001068115234,58.099998474121094,12.087499618530273,8.8100004196167,9.493332862854004,66.5,22.56999969482422,6.610000133514404,0.04395800083875656,20.549999237060547,13.9637451171875,34.27000045776367,37.0099983215332,0.42267900705337524,30.155000686645508,0.7149999737739563,37.703983306884766,51.5,49.0,64.94999694824219,61.29999923706055,90.25
2002-04-01,53.17499923706055,25.024999618530273,46.68825149536133,85.76000213623047,1.9472219944000244,27.405000686645508,19.420000076293945,16.1200008392334,61.5,53.400001525878906,8.125,8.925000190734863,9.976667404174805,43.9900016784668,23.350000381469727,3.930000066757202,0.04427099972963333,24.875,14.366130828857422,31.25,37.099998474121094,0.3164289891719818,27.350000381469727,0.8125,33.20683288574219,48.20000076293945,43.0,52.2599983215332,55.0099983215332,73.3499984741211
2002-07-01,40.665000915527344,26.975000381469727,38.86216354370117,78.80999755859375,1.465556025505066,19.075000762939453,18.190000534057617,10.170000076293945,54.98500061035156,50.06999969482422,9.755000114440918,6.730000019073486,7.8933329582214355,27.940000534057617,18.579999923706055,2.1700000762939453,0.04312499985098839,24.25,13.594891548156738,31.024999618530273,31.899999618530273,0.2589290142059326,21.8700008392334,0.796500027179718,27.533206939697266,36.95000076293945,46.900001525878906,54.08000183105469,49.2400016784668,66.02999877929688
2002-10-01,39.685001373291016,26.21500015258789,39.546714782714844,79.3499984741211,1.5727779865264893,23.075000762939453,18.709999084472656,11.789999961853027,61.650001525878906,54.220001220703125,9.699999809265137,8.390000343322754,9.416666984558105,35.369998931884766,21.219999313354492,3.75,0.04395800083875656,20.645000457763672,13.628423690795898,33.720001220703125,32.310001373291016,0.2558929920196533,25.850000381469727,0.9445000290870667,29.003795623779297,42.220001220703125,64.51000213623047,53.709999084472656,50.5099983215332,68.0999984741211
2003-01-01,27.53499984741211,27.219999313354492,38.32562255859375,78.58000183105469,1.5844440460205078,21.28499984741211,18.59000015258789,10.0,65.01499938964844,55.06999969482422,10.425000190734863,8.524999618530273,8.8100004196167,35.939998626708984,18.979999542236328,5.5,0.04531300067901611,23.114999771118164,14.351759910583496,31.329999923706055,30.299999237060547,0.2524999976158142,24.209999084472656,1.3014999628067017,29.563566207885742,40.0,49.900001525878906,57.869998931884766,52.029998779296875,68.08000183105469
2003-04-01,36.25,28.975000381469727,38.482887268066406,84.22000122070312,1.6716669797897339,30.96500015258789,19.510000228881836,12.0600004196167,64.48999786376953,62.029998779296875,11.265000343322754,12.25,8.960000038146973,46.459999084472656,24.5,7.769999980926514,0.04531300067901611,26.354999542236328,16.07147979736328,34.83000183105469,33.869998931884766,0.3403570055961609,25.639999389648438,1.815999984741211,32.4003791809082,44.5,54.599998474121094,51.70000076293945,53.66999816894531,83.75
2003-07-01,39.029998779296875,27.94499969482422,41.72063064575195,87.30000305175781,1.625,30.90999984741211,19.850000381469727,13.399999618530273,69.06999969482422,64.43000030517578,11.300000190734863,16.549999237060547,9.803333282470703,51.599998474121094,23.989999771118164,9.40999984741211,0.060832999646663666,27.485000610351562,16.876251220703125,36.34000015258789,39.22999954223633,0.3700000047683716,27.799999237060547,2.4214999675750732,28.823528289794922,45.83000183105469,50.06999969482422,49.52000045776367,55.849998474121094,83.9000015258789
2003-10-01,45.19499969482422,25.024999618530273,48.87141418457031,98.30000305175781,1.9966670274734497,33.86000061035156,22.5,17.979999542236328,85.02999877929688,67.5,12.274999618530273,21.065000534057617,11.579999923706055,58.540000915527344,29.780000686645508,11.029999732971191,0.0877079963684082,30.274999618530273,20.234256744384766,38.494998931884766,43.38999938964844,0.3816069960594177,27.3700008392334,2.63100004196167,33.51992416381836,46.619998931884766,52.86000061035156,51.65999984741211,53.04999923706055,98.7300033569336
2004-01-01,44.665000915527344,27.549999237060547,46.36447525024414,89.8499984741211,1.682778000831604,28.729999542236328,22.030000686645508,14.739999771118164,81.87000274658203,75.16000366210938,11.734999656677246,19.545000076293945,12.8100004196167,50.279998779296875,27.649999618530273,12.630000114440918,0.14572900533676147,35.400001525878906,22.059364318847656,41.42499923706055,48.65999984741211,0.48285698890686035,24.93000030517578,2.1640000343322754,33.254268646240234,53.849998474121094,51.04999923706055,50.720001220703125,59.689998626708984,104.3499984741211
2004-04-01,49.650001525878906,29.225000381469727,48.51988983154297,87.30000305175781,1.8205560445785522,28.43000030517578,22.979999542236328,14.630000114440918,90.01000213623047,81.69000244140625,10.625,16.575000762939453,13.850000381469727,49.380001068115234,27.559999465942383,14.75,0.2638539969921112,32.33000183105469,23.189876556396484,46.27000045776367,46.0099983215332,0.5810710191726685,28.559999465942383,2.7200000286102295,32.523719787597656,53.880001068115234,57.77000045776367,55.70000076293945,52.5,94.16000366210938
2004-07-01,51.04999923706055,22.59000015258789,50.30527114868164,95.69999694824219,1.8444440364837646,15.760000228881836,24.90999984741211,13.039999961853027,79.97000122070312,85.69000244140625,11.59000015258789,20.25,14.653332710266113,41.47999954223633,28.899999618530273,14.880000114440918,0.2512499988079071,36.625,26.79218864440918,46.709999084472656,49.54999923706055,0.6919639706611633,27.649999618530273,2.0429999828338623,29.032257080078125,48.650001525878906,54.02000045776367,56.33000183105469,53.20000076293945,93.23999786376953
2004-10-01,52.29999923706055,25.579999923706055,53.62627029418945,107.83999633789062,2.2266669273376465,19.549999237060547,24.739999771118164,13.8100004196167,82.06999969482422,98.48999786376953,12.930000305175781,19.114999771118164,14.876667022705078,46.58000183105469,31.31999969482422,16.639999389648438,0.379271000623703,43.42499923706055,27.95623207092285,55.540000915527344,55.75,1.149999976158142,26.719999313354492,2.2144999504089355,25.5123348236084,52.20000076293945,57.04999923706055,63.41999816894531,52.81999969482422,104.04000091552734
2005-01-01,53.525001525878906,26.084999084472656,58.54764175415039,102.05999755859375,2.3138890266418457,18.100000381469727,23.899999618530273,14.949999809265137,85.69000244140625,93.94999694824219,12.850000381469727,19.80500030517578,14.66333293914795,46.0099983215332,28.81999969482422,16.059999465942383,0.6244789958000183,40.43000030517578,34.09261703491211,60.459999084472656,56.939998626708984,1.4882140159606934,24.170000076293945,1.7135000228881836,24.92409896850586,53.029998779296875,52.310001373291016,67.16000366210938,50.11000061035156,109.98999786376953
2005-04-01,54.77000045776367,24.954999923706055,55.78168487548828,105.16000366210938,2.369999885559082,16.670000076293945,24.139999389648438,13.65999984741211,72.30000305175781,81.01000213623047,13.395000457763672,18.719999313354492,15.696666717529297,43.68000030517578,29.200000762939453,20.31999969482422,0.8824999928474426,44.959999084472656,36.85183334350586,62.099998474121094,63.25,1.3146430253982544,24.84000015258789,1.6545000076293945,26.166982650756836,53.93000030517578,50.540000915527344,65.0,48.20000076293945,102.0199966430664
2005-07-01,59.775001525878906,26.395000457763672,51.00832748413086,105.70999908447266,2.5822219848632812,18.899999618530273,22.469999313354492,16.15999984741211,73.36000061035156,87.12999725341797,12.59000015258789,24.295000076293945,14.6899995803833,48.7599983215332,28.079999923706055,24.6299991607666,0.9808329939842224,51.08000183105469,40.9235954284668,56.310001373291016,67.0,1.9146430492401123,25.729999542236328,2.265000104904175,23.690702438354492,56.709999084472656,48.939998626708984,63.279998779296875,43.81999969482422,121.58000183105469
2005-10-01,57.025001525878906,27.424999237060547,54.75485610961914,109.05000305175781,2.8205559253692627,20.059999465942383,23.75,16.920000076293945,77.5,103.38999938964844,12.005000114440918,26.899999618530273,15.140000343322754,49.33000183105469,29.889999389648438,26.90999984741211,1.6418750286102295,61.41999816894531,38.26497268676758,55.25,67.72000122070312,2.567500114440918,26.149999618530273,2.3575000762939453,22.12523651123047,59.08000183105469,43.0,60.099998474121094,46.79999923706055,127.70999908447266
2006-01-01,63.97999954223633,28.549999237060547,62.15541076660156,114.13999938964844,3.3222219944000244,22.350000381469727,24.1299991607666,18.489999771118164,75.69000244140625,112.94000244140625,12.345000267028809,29.885000228881836,16.479999542236328,48.36000061035156,30.5,28.350000381469727,2.626041889190674,71.45999908447266,44.38219451904297,52.22999954223633,81.2300033569336,2.240000009536743,27.209999084472656,1.8265000581741333,23.643264770507812,57.790000915527344,46.0,59.220001220703125,47.2400016784668,156.9600067138672
2006-04-01,65.45999908447266,29.950000762939453,59.130435943603516,117.91999816894531,3.913332939147949,18.770000457763672,23.579999923706055,17.1200008392334,80.7699966430664,116.86000061035156,12.449999809265137,27.704999923706055,15.826666831970215,41.56999969482422,30.8799991607666,34.540000915527344,3.9660420417785645,54.459999084472656,49.12459945678711,55.06999969482422,75.9000015258789,2.0453569889068604,23.299999237060547,1.934000015258789,22.26755142211914,60.040000915527344,50.77000045776367,59.91999816894531,48.16999816894531,150.42999267578125
2006-07-01,71.66999816894531,31.049999237060547,61.396854400634766,119.95999908447266,3.647778034210205,19.719999313354492,23.93000030517578,16.959999084472656,74.41999816894531,108.68000030517578,13.375,26.6299991607666,18.593332290649414,44.470001220703125,33.220001220703125,35.2400016784668,2.706666946411133,65.37999725341797,46.09233474731445,53.45000076293945,85.98999786376953,2.749285936355591,27.350000381469727,1.6059999465942383,26.907020568847656,65.26000213623047,61.97999954223633,64.94000244140625,49.31999969482422,169.1699981689453
2006-10-01,74.3499984741211,32.619998931884766,65.01387786865234,122.16000366210938,3.8255560398101807,26.729999542236328,23.75,17.90999984741211,77.93000030517578,108.62000274658203,14.489999771118164,27.864999771118164,21.19333267211914,49.75,36.189998626708984,32.29999923706055,2.8066670894622803,69.05999755859375,46.78213882446289,49.79999923706055,97.5,3.0299999713897705,29.860000610351562,1.9730000495910645,24.573055267333984,62.54999923706055,68.43000030517578,66.0199966430664,46.18000030517578,199.35000610351562
2007-01-01,76.4000015258789,33.39500045776367,68.41812896728516,115.83000183105469,4.449999809265137,26.229999542236328,21.850000381469727,21.059999465942383,76.43000030517578,107.43000030517578,15.899999618530273,33.095001220703125,22.01333236694336,53.31999969482422,34.970001220703125,32.130001068115234,3.1566669940948486,62.060001373291016,47.242008209228516,54.65999984741211,94.66999816894531,3.318213939666748,27.8700008392334,1.9895000457763672,23.965843200683594,63.560001373291016,56.630001068115234,60.2599983215332,46.95000076293945,206.6300048828125
2007-04-01,78.22000122070312,32.42499923706055,74.34782409667969,106.9000015258789,5.008889198303223,26.43000030517578,22.739999771118164,21.959999084472656,86.79000091552734,110.97000122070312,15.904999732971191,41.40999984741211,22.156667709350586,54.95000076293945,32.95000076293945,36.27000045776367,3.581666946411133,62.20000076293945,55.45259475708008,50.619998931884766,76.81999969482422,4.3585710525512695,29.469999313354492,3.4205000400543213,24.25996208190918,64.8499984741211,50.29999923706055,61.619998931884766,48.11000061035156,216.75
2007-07-01,84.47000122070312,35.65999984741211,90.43478393554688,103.44999694824219,4.747777938842773,27.079999923706055,16.979999542236328,22.190000534057617,93.58000183105469,104.75,15.125,52.44499969482422,21.90333366394043,55.779998779296875,32.529998779296875,40.630001068115234,4.72333288192749,50.400001525878906,61.392574310302734,46.40999984741211,78.6500015258789,5.4810709953308105,29.459999084472656,4.65749979019165,23.178367614746094,73.26000213623047,60.29999923706055,65.69999694824219,43.650001525878906,216.74000549316406
2007-10-01,88.98999786376953,38.97999954223633,91.23959350585938,81.56999969482422,4.886666774749756,25.93000030517578,14.760000228881836,17.010000228881836,84.31999969482422,89.16999816894531,15.9399995803833,51.220001220703125,19.34666633605957,48.15999984741211,31.739999771118164,41.599998474121094,3.69083309173584,35.70000076293945,73.76114654541016,39.400001525878906,73.41000366210938,7.074285984039307,35.599998474121094,4.631999969482422,21.565465927124023,75.9000015258789,58.880001068115234,66.69999694824219,47.529998779296875,215.0500030517578
2008-01-01,83.37000274658203,38.95500183105469,85.10638427734375,80.4800033569336,6.230000019073486,22.709999084472656,10.75,10.680000305175781,79.1500015258789,92.66999816894531,14.850000381469727,48.11000061035156,17.01333236694336,37.099998474121094,32.36000061035156,34.4900016784668,2.941667079925537,34.83000183105469,70.10135650634766,37.66999816894531,88.62000274658203,5.125,28.3799991607666,3.565000057220459,19.857685089111328,72.19999694824219,61.619998931884766,64.87000274658203,52.68000030517578,165.38999938964844
2008-04-01,84.19999694824219,34.54999923706055,91.45236206054688,70.54000091552734,6.978888988494873,23.899999618530273,5.769999980926514,10.100000381469727,69.58999633789062,78.79000091552734,14.770000457763672,58.595001220703125,15.3100004196167,40.709999084472656,27.889999389648438,38.72999954223633,2.4016671180725098,34.439998626708984,86.09140014648438,32.779998779296875,80.79000091552734,5.980000019073486,27.510000228881836,3.6665000915527344,16.574953079223633,63.59000015258789,36.97999954223633,64.33999633789062,56.20000076293945,174.89999389648438
2008-07-01,73.62000274658203,37.67499923706055,63.358001708984375,89.25,6.063333034515381,19.950000762939453,7.989999771118164,6.760000228881836,68.30999755859375,79.04000091552734,12.885000228881836,28.424999237060547,19.053333282470703,31.649999618530273,36.02000045776367,28.969999313354492,2.5208330154418945,34.0,67.49542999267578,39.540000915527344,99.01000213623047,4.059286117553711,26.690000534057617,3.638000011444092,17.495256423950195,71.2699966430664,43.65999984741211,69.27999877929688,59.88999938964844,128.0
2008-10-01,57.59000015258789,34.27000045776367,46.503238677978516,57.40999984741211,3.6077780723571777,18.520000457763672,7.659999847412109,3.6600000858306885,57.540000915527344,64.1500015258789,10.364999771118164,12.220000267028809,19.916667938232422,21.790000915527344,25.010000228881836,17.579999923706055,2.7941670417785645,20.09000015258789,57.47410583496094,34.7400016784668,79.5,3.0482139587402344,19.440000534057617,2.563999891281128,16.802656173706055,54.77000045776367,45.959999084472656,59.83000183105469,56.060001373291016,84.38999938964844
2009-01-01,41.59000015258789,29.489999771118164,52.035152435302734,45.2400016784668,2.8722219467163086,20.729999542236328,1.659999966621399,4.199999809265137,49.720001220703125,44.4900016784668,11.125,19.05500030517578,17.323333740234375,20.0,14.609999656677246,20.40999984741211,3.0,22.920000076293945,53.31611633300781,34.75,55.25,3.754286050796509,18.3700008392334,3.671999931335449,12.922201156616211,51.47999954223633,52.04999923706055,52.599998474121094,52.099998474121094,106.0199966430664
2009-04-01,55.38999938964844,35.369998931884766,59.7502326965332,50.93000030517578,3.847778081893921,19.510000228881836,4.179999828338623,5.900000095367432,60.099998474121094,55.619998931884766,12.470000267028809,25.05500030517578,17.916667938232422,25.25,17.920000076293945,24.020000457763672,2.571666955947876,26.350000381469727,63.05002212524414,36.0,65.4800033569336,5.086785793304443,23.770000457763672,4.183000087738037,14.231498718261719,54.959999084472656,55.130001068115234,56.79999923706055,48.439998626708984,147.44000244140625
2009-07-01,64.5999984741211,38.13999938964844,71.76688385009766,62.31999969482422,4.651111125946045,22.420000076293945,4.710000038146973,7.340000152587891,73.80000305175781,75.22000122070312,14.15999984741211,34.30500030517578,20.053333282470703,35.86000061035156,21.860000610351562,31.360000610351562,3.061666965484619,20.459999084472656,75.11201477050781,38.86000061035156,75.23999786376953,6.619643211364746,25.719999313354492,4.668000221252441,15.70208740234375,58.65999984741211,48.43000030517578,60.88999938964844,49.09000015258789,184.35000610351562
2009-10-01,68.16999816894531,41.07500076293945,74.98612213134766,66.88999938964844,5.387777805328369,22.280000686645508,3.6500000953674316,5.989999771118164,82.66999816894531,83.44999694824219,15.704999923706055,40.14500045776367,20.549999237060547,36.15999984741211,22.510000228881836,39.040000915527344,3.200000047683716,26.799999237060547,77.93829345703125,35.790000915527344,81.44999694824219,7.526071071624756,30.479999542236328,6.72599983215332,17.25806427001953,60.79999923706055,54.02000045776367,64.41000366210938,53.45000076293945,168.83999633789062
2010-01-01,77.19999694824219,42.630001068115234,68.40888214111328,79.37999725341797,5.6555562019348145,22.3700008392334,5.389999866485596,6.670000076293945,83.56999969482422,93.4000015258789,17.290000915527344,41.77000045776367,22.559999465942383,30.93000030517578,25.8799991607666,38.22999954223633,3.615000009536743,29.75,80.99451446533203,42.810001373291016,91.98999786376953,8.39285659790039,29.290000915527344,6.78849983215332,16.271347045898438,66.16000366210938,58.65999984741211,65.19999694824219,55.599998474121094,170.6300048828125
2010-04-01,58.560001373291016,39.380001068115234,59.9537467956543,84.94999694824219,5.514443874359131,20.8700008392334,5.539999961853027,5.789999961853027,78.98999786376953,70.11000061035156,17.684999465942383,29.565000534057617,23.06333351135254,27.8799991607666,22.350000381469727,37.2599983215332,3.259166955947876,19.920000076293945,73.91443634033203,47.93000030517578,87.91000366210938,8.983214378356934,23.010000228881836,5.4629998207092285,13.529412269592285,60.95000076293945,47.91999816894531,59.060001373291016,48.06999969482422,131.27000427246094
2010-07-01,62.810001373291016,38.43000030517578,76.61424255371094,81.80999755859375,6.146667003631592,24.770000457763672,5.690000057220459,7.630000114440918,86.70999908447266,85.5,19.834999084472656,42.69499969482422,25.046667098999023,35.22999954223633,21.6200008392334,44.150001525878906,3.884999990463257,24.979999542236328,75.0162124633789,47.59000015258789,97.04000091552734,10.133929252624512,24.489999771118164,7.853000164031982,16.29032325744629,66.44000244140625,52.93000030517578,61.959999084472656,53.52000045776367,144.5800018310547
2010-10-01,70.95999908447266,40.185001373291016,84.13506317138672,87.05000305175781,7.17888879776001,26.90999984741211,6.869999885559082,8.260000228881836,86.30000305175781,93.01000213623047,20.80500030517578,60.04499816894531,27.916667938232422,38.63999938964844,26.969999313354492,43.83000183105469,4.3566670417785645,26.540000915527344,93.98582458496094,47.150001525878906,101.41999816894531,11.520000457763672,27.90999984741211,9.0,16.612903594970703,65.33000183105469,55.58000183105469,61.849998474121094,53.93000030517578,168.16000366210938
2011-01-01,76.55999755859375,40.380001068115234,83.42276000976562,88.47000122070312,8.733332633972168,27.649999618530273,6.639999866485596,9.75,93.5,93.55000305175781,21.530000686645508,55.54999923706055,27.996667861938477,47.31999969482422,26.43000030517578,42.54999923706055,5.019166946411133,33.90999984741211,100.10784149169922,54.349998474121094,110.91000366210938,12.446785926818848,25.389999389648438,9.006500244140625,19.26944923400879,64.41000366210938,66.83999633789062,59.25,52.04999923706055,158.60000610351562
2011-04-01,74.5199966430664,43.70500183105469,88.41812896728516,87.94999694824219,8.739999771118164,25.709999084472656,6.559999942779541,10.5600004196167,94.8499984741211,94.8499984741211,21.604999542236328,52.900001525878906,27.956666946411133,40.47999954223633,25.510000228881836,40.790000915527344,6.745832920074463,38.349998474121094,99.67671203613281,56.849998474121094,114.01000213623047,11.988213539123535,26.0,10.224499702453613,19.544591903686523,70.43000030517578,67.66000366210938,66.5199966430664,53.13999938964844,133.08999633789062
2011-07-01,56.88999938964844,44.34000015258789,70.64755249023438,69.9000015258789,6.22333288192749,24.360000610351562,4.800000190734863,9.239999771118164,71.79000091552734,67.68000030517578,20.075000762939453,30.450000762939453,24.773332595825195,38.279998779296875,23.540000915527344,40.66999816894531,7.274167060852051,30.450000762939453,68.50138854980469,59.2400016784668,111.3499984741211,13.618571281433105,24.889999389648438,10.81149959564209,16.774194717407227,61.900001525878906,55.459999084472656,63.689998626708984,51.900001525878906,94.55000305175781
2011-10-01,66.41000366210938,46.19499969482422,78.8066635131836,76.33999633789062,7.019999980926514,27.200000762939453,5.489999771118164,10.399999618530273,81.7300033569336,83.51000213623047,23.190000534057617,36.790000915527344,29.75666618347168,48.25,27.049999237060547,44.79999923706055,7.678332805633545,33.68000030517578,89.77035522460938,61.779998779296875,134.4600067138672,14.464285850524902,25.959999084472656,8.654999732971191,20.531309127807617,66.3499984741211,58.54999923706055,65.58000183105469,59.7599983215332,90.43000030517578
2012-01-01,73.37999725341797,48.88999938964844,84.92137145996094,86.87999725341797,7.173333168029785,30.65999984741211,6.449999809265137,11.84000015258789,89.20999908447266,91.95999908447266,25.235000610351562,38.040000915527344,36.223331451416016,54.41999816894531,31.68000030517578,53.34000015258789,10.348333358764648,42.099998474121094,91.23619079589844,61.33000183105469,138.1699981689453,21.412500381469727,32.2599983215332,10.125499725341797,21.489564895629883,66.3499984741211,62.7400016784668,65.95999908447266,61.20000076293945,124.37000274658203
2012-04-01,65.95999908447266,52.04999923706055,74.68085479736328,82.56999969482422,7.453332901000977,29.43000030517578,6.400000095367432,10.989999771118164,89.5999984741211,91.61000061035156,25.6200008392334,34.06999969482422,44.116668701171875,49.25,32.15999984741211,58.65999984741211,11.866666793823242,36.54999923706055,82.17292785644531,72.02999877929688,144.41000366210938,20.85714340209961,30.59000015258789,11.417499542236328,21.821632385253906,70.66000366210938,64.27999877929688,67.55999755859375,69.72000122070312,95.86000061035156
2012-07-01,66.12000274658203,53.61000061035156,76.50323486328125,95.16000366210938,6.9166669845581055,32.9900016784668,6.900000095367432,12.869999885559082,92.41999816894531,84.62000274658203,26.799999237060547,39.58000183105469,49.63666534423828,47.709999084472656,34.29999923706055,64.0999984741211,9.010000228881836,44.16999816894531,82.45076751708984,70.88999938964844,139.1699981689453,23.825000762939453,29.760000228881836,12.715999603271484,23.57685089111328,70.7699966430664,68.0999984741211,68.91000366210938,73.80000305175781,113.68000030517578
2012-10-01,69.2699966430664,52.27000045776367,77.72432708740234,98.47000122070312,6.576666831970215,31.84000015258789,6.389999866485596,13.510000228881836,92.8499984741211,91.72000122070312,25.040000915527344,34.20000076293945,51.27333450317383,47.7599983215332,31.940000534057617,72.16000366210938,8.80666732788086,50.31999969482422,73.39708709716797,72.22000122070312,144.9600067138672,19.006071090698242,26.709999084472656,12.543499946594238,23.795066833496094,68.43000030517578,66.5,70.0999984741211,68.2300033569336,127.55999755859375
2013-01-01,70.51000213623047,59.01499938964844,80.592041015625,103.16000366210938,8.210000038146973,35.880001068115234,7.369999885559082,13.930000305175781,106.30999755859375,98.19999694824219,30.145000457763672,33.099998474121094,56.29666519165039,52.7400016784668,33.93000030517578,69.63999938964844,7.956666946411133,53.31999969482422,75.0832748413086,87.52999877929688,152.32000732421875,15.809286117553711,28.610000610351562,13.32450008392334,27.381404876708984,79.11000061035156,60.31999969482422,81.52999877929688,74.83000183105469,147.14999389648438
2013-04-01,78.33000183105469,57.290000915527344,84.70860290527344,111.75,7.730000019073486,35.75,7.869999885559082,14.479999542236328,109.3499984741211,98.58000183105469,31.075000762939453,27.610000610351562,58.866668701171875,55.72999954223633,36.150001525878906,72.38999938964844,10.138333320617676,60.93000030517578,85.48782348632812,89.27999877929688,153.3300018310547,14.161786079406738,34.540000915527344,13.884499549865723,26.574953079223633,81.79000091552734,61.150001525878906,85.86000061035156,74.48999786376953,151.25
2013-07-01,87.5199966430664,59.29999923706055,98.58464050292969,111.91999816894531,8.579999923706055,37.70000076293945,8.260000228881836,13.510000228881836,119.41000366210938,114.11000061035156,30.520000457763672,33.08000183105469,60.72666549682617,60.849998474121094,36.58000183105469,73.02999877929688,8.708333015441895,70.33000183105469,89.6170654296875,92.5,160.5500030517578,17.02678680419922,33.279998779296875,15.631999969482422,27.25806427001953,79.5,62.560001373291016,86.69000244140625,73.95999908447266,158.2100067138672
2013-10-01,95.55000305175781,65.20999908447266,103.40425872802734,116.41999816894531,9.59000015258789,40.56999969482422,9.649999618530273,14.020000457763672,140.25,143.77000427246094,33.150001525878906,37.7400016784668,61.16666793823242,64.45999908447266,40.400001525878906,73.43000030517578,11.295000076293945,78.47000122070312,91.11164093017578,97.2300033569336,150.52000427246094,20.036428451538086,37.40999984741211,19.93950080871582,29.060720443725586,82.94000244140625,73.19000244140625,91.58999633789062,78.69000244140625,177.25999450683594
2014-01-01,108.91999816894531,64.87000274658203,110.1202621459961,121.30000305175781,9.65666675567627,38.40999984741211,9.970000267028809,15.539999961853027,135.66000366210938,132.55999755859375,34.68000030517578,33.06999969482422,65.70999908447266,69.13999938964844,42.86000061035156,73.77999877929688,11.574999809265137,79.31999969482422,91.29367065429688,104.4000015258789,168.49000549316406,19.169286727905273,40.9900016784668,16.818500518798828,30.474382400512695,83.5,84.9800033569336,98.2300033569336,76.43000030517578,163.85000610351562
2014-04-01,116.55000305175781,68.18000030517578,118.982421875,124.05000305175781,10.270000457763672,38.81999969482422,9.539999961853027,17.489999771118164,143.24000549316406,151.3800048828125,39.14500045776367,36.5,68.97000122070312,72.63999938964844,43.31999969482422,74.26000213623047,11.838333129882812,87.66000366210938,98.32584381103516,97.37000274658203,171.35000610351562,23.232500076293945,41.70000076293945,16.23900032043457,28.159393310546875,89.33999633789062,73.66999816894531,104.62000274658203,75.06999969482422,167.44000244140625
2014-07-01,127.08999633789062,65.22000122070312,120.42552947998047,123.29000091552734,10.686667442321777,39.70000076293945,9.729999542236328,17.209999084472656,141.67999267578125,161.4499969482422,40.29999923706055,32.650001525878906,72.99666595458984,78.77999877929688,41.83000183105469,80.52999877929688,15.278332710266113,94.5,92.11760711669922,95.43000030517578,165.83999633789062,25.1875,46.36000061035156,16.121999740600586,28.055028915405273,93.08999633789062,74.62999725341797,106.58999633789062,76.47000122070312,183.57000732421875
2014-10-01,137.6199951171875,69.19000244140625,133.42276000976562,125.62000274658203,12.076666831970215,43.470001220703125,10.520000457763672,18.969999313354492,164.32000732421875,173.66000366210938,36.119998931884766,23.360000610351562,87.68000030517578,70.31999969482422,44.95000076293945,78.69999694824219,18.058332443237305,95.80999755859375,80.47296142578125,103.93000030517578,184.85000610351562,27.594999313354492,46.45000076293945,15.517499923706055,29.554079055786133,94.55999755859375,88.02999877929688,104.56999969482422,85.87999725341797,193.8300018310547
2015-01-01,135.72999572753906,69.33999633789062,139.94448852539062,127.0,11.039999961853027,46.31999969482422,11.050000190734863,18.440000534057617,164.9499969482422,165.4499969482422,32.93000030517578,18.950000762939453,94.83333587646484,58.290000915527344,43.66999816894531,82.54000091552734,23.066667556762695,103.80000305175781,72.87590026855469,100.91000366210938,197.13999938964844,31.107500076293945,40.65999984741211,18.604999542236328,33.007591247558594,95.62000274658203,113.05999755859375,100.5999984741211,82.25,187.97000122070312
2015-04-01,141.69000244140625,65.41000366210938,126.57723999023438,124.93000030517578,10.883333206176758,50.650001525878906,11.3100004196167,19.65999984741211,154.3000030517578,170.39999389648438,29.889999389648438,18.6200008392334,91.67333221435547,56.209999084472656,43.400001525878906,80.30000305175781,22.336666107177734,107.95999908447266,77.6377944946289,88.83000183105469,184.3699951171875,31.357500076293945,44.150001525878906,21.704500198364258,31.812143325805664,93.33999633789062,151.07000732421875,97.45999908447266,70.93000030517578,208.7899932861328
2015-07-01,137.9499969482422,63.459999084472656,118.02035522460938,121.94999694824219,8.966667175292969,46.18000030517578,10.600000381469727,20.68000030517578,141.77000427246094,143.97999572753906,24.899999618530273,9.6899995803833,74.26000213623047,50.0,41.0099983215332,78.87000274658203,22.523332595825195,98.19999694824219,66.03754425048828,91.87999725341797,211.6300048828125,27.575000762939453,44.2599983215332,25.594499588012695,29.800758361816406,94.30000305175781,193.3800048828125,93.3499984741211,64.83999633789062,173.75999450683594
2015-10-01,137.36000061035156,66.62000274658203,120.36077880859375,121.18000030517578,8.649999618530273,45.61000061035156,11.0600004196167,20.809999465942383,150.63999938964844,148.99000549316406,25.579999923706055,6.769999980926514,86.53333282470703,69.3499984741211,42.66999816894531,86.44999694824219,24.82666778564453,100.33999633789062,67.49506378173828,89.2699966430664,247.6999969482422,26.315000534057617,55.47999954223633,33.794498443603516,30.62618637084961,99.91999816894531,182.50999450683594,102.72000122070312,61.29999923706055,180.22999572753906
2016-01-01,131.3699951171875,70.6500015258789,133.25624084472656,111.0,8.583333015441895,48.439998626708984,9.539999961853027,23.579999923706055,166.6300048828125,162.72000122070312,24.6200008392334,10.34000015258789,94.88999938964844,72.80999755859375,40.59000015258789,86.5,22.229999542236328,96.55999755859375,68.43000030517578,92.08999633789062,275.8299865722656,27.247499465942383,55.22999954223633,29.68199920654297,28.121442794799805,102.4800033569336,159.75999450683594,108.19999694824219,68.48999786376953,156.97999572753906
2016-04-01,139.24000549316406,73.19999694824219,131.3968505859375,118.2300033569336,8.69333267211914,54.08000183105469,8.9399995803833,24.299999237060547,175.1199951171875,151.77999877929688,29.260000228881836,11.140000343322754,97.88999938964844,73.25,40.33000183105469,101.43000030517578,26.78499984741211,93.70999908447266,75.55999755859375,113.48999786376953,255.58999633789062,23.899999618530273,51.16999816894531,35.78099822998047,33.406070709228516,105.94000244140625,147.47000122070312,121.30000305175781,73.0199966430664,148.5800018310547
2016-07-01,155.16000366210938,74.13999938964844,139.07493591308594,116.0999984741211,10.166666984558105,59.349998474121094,9.859999656677246,25.530000686645508,176.22999572753906,174.67999267578125,27.6299991607666,10.859999656677246,92.22000122070312,69.70999908447266,42.88999938964844,94.20999908447266,24.468332290649414,108.27999877929688,72.91999816894531,95.5999984741211,223.13999938964844,28.262500762939453,57.599998474121094,41.865501403808594,32.13472366333008,108.7699966430664,148.16000366210938,118.12999725341797,72.12000274658203,161.27000427246094
2016-10-01,172.66000366210938,65.44000244140625,143.82000732421875,156.42999267578125,11.976667404174805,58.86000061035156,13.220000267028809,25.219999313354492,178.57000732421875,186.1999969482422,27.040000915527344,13.1899995803833,89.58000183105469,78.68000030517578,51.369998931884766,86.7699966430664,22.170000076293945,94.2699966430664,71.2300033569336,103.43000030517578,223.5,28.954999923706055,62.13999938964844,37.493499755859375,30.81593894958496,104.62999725341797,178.85000610351562,115.20999908447266,69.12000274658203,239.4499969482422
2017-01-01,187.1999969482422,73.19000244140625,135.2899932861328,154.72999572753906,15.516667366027832,72.12999725341797,13.390000343322754,31.399999618530273,191.3300018310547,195.14999389648438,27.610000610351562,13.359999656677246,103.39666748046875,95.06999969482422,51.5,94.44999694824219,23.084999084472656,112.04000091552734,63.36000061035156,109.25,218.91000366210938,35.915000915527344,65.86000061035156,44.32699966430664,32.457305908203125,111.86000061035156,206.02000427246094,124.55000305175781,72.08000183105469,229.72000122070312
2017-04-01,198.10000610351562,74.12999725341797,143.05999755859375,161.9499969482422,18.18666648864746,72.93000030517578,13.520000457763672,33.4900016784668,208.19000244140625,217.3300018310547,27.079999923706055,12.010000228881836,116.98666381835938,91.51000213623047,51.91999816894531,100.18000030517578,24.84000015258789,121.68000030517578,59.869998931884766,107.37000274658203,208.52999877929688,36.005001068115234,68.93000030517578,48.400001525878906,31.869070053100586,115.48999786376953,228.8699951171875,132.2899932861328,75.68000030517578,221.89999389648438
2017-07-01,205.5800018310547,72.8499984741211,151.22000122070312,161.0399932861328,18.086666107177734,80.52999877929688,13.960000038146973,39.470001220703125,209.89999389648438,225.5800018310547,26.06999969482422,14.039999961853027,119.34666442871094,106.0,53.59000015258789,99.9800033569336,27.625,139.2100067138672,64.20999908447266,109.16999816894531,213.99000549316406,38.529998779296875,74.48999786376953,48.067501068115234,33.870967864990234,111.43000030517578,215.75,130.00999450683594,78.13999938964844,237.19000244140625
2017-10-01,203.4499969482422,75.44999694824219,164.0800018310547,170.99000549316406,18.336666107177734,85.23999786376953,14.5600004196167,41.81999969482422,235.3699951171875,249.5399932861328,26.510000228881836,18.959999084472656,136.67999267578125,105.06999969482422,53.58000183105469,111.01000213623047,31.645000457763672,147.61000061035156,73.66000366210938,113.51000213623047,209.0,42.307498931884766,85.54000091552734,58.4734992980957,34.36432647705078,119.91999816894531,215.25999450683594,139.72000122070312,98.75,254.75999450683594
2018-01-01,220.89999389648438,71.68000030517578,159.02999877929688,184.36000061035156,18.56999969482422,83.23999786376953,15.100000381469727,36.77000045776367,219.52000427246094,240.11000061035156,24.479999542236328,17.56999969482422,130.7066650390625,109.01000213623047,50.5,109.61000061035156,28.604999542236328,161.3000030517578,64.95999908447266,98.95999908447266,200.38999938964844,41.94499969482422,91.2699966430664,72.36699676513672,33.67172622680664,109.1500015258789,172.6699981689453,128.14999389648438,88.97000122070312,251.86000061035156
2018-04-01,186.41000366210938,64.80999755859375,155.72999572753906,170.14999389648438,21.260000228881836,85.56999969482422,14.760000228881836,43.310001373291016,196.72000122070312,227.05999755859375,27.670000076293945,17.260000228881836,135.85667419433594,102.52999877929688,50.02000045776367,107.81999969482422,28.649999618530273,170.55999755859375,83.68000030517578,93.05999755859375,226.86000061035156,46.27750015258789,98.61000061035156,84.98999786376953,34.4212532043457,108.87000274658203,135.1300048828125,121.33999633789062,85.6500015258789,220.57000732421875
2018-07-01,204.72000122070312,66.94999694824219,167.0500030517578,164.5399932861328,24.683332443237305,98.61000061035156,14.920000076293945,45.31999969482422,210.7100067138672,240.7899932861328,28.729999542236328,13.920000076293945,151.73666381835938,101.70999908447266,52.810001373291016,111.33000183105469,29.139999389648438,167.1999969482422,82.16999816894531,102.0,201.6300048828125,56.435001373291016,114.37000274658203,100.1500015258789,41.8121452331543,111.80000305175781,182.27999877929688,138.1699981689453,93.91000366210938,224.24000549316406
2018-10-01,157.2100067138672,59.52000045776367,160.0500030517578,143.1300048828125,20.709999084472656,84.23999786376953,11.920000076293945,43.47999954223633,190.5399932861328,161.3300018310547,24.59000015258789,10.3100004196167,131.15333557128906,89.48999786376953,45.70000076293945,108.62999725341797,24.610000610351562,140.0399932861328,61.380001068115234,107.18000030517578,202.41000366210938,39.435001373291016,101.56999969482422,75.09850311279297,41.41366195678711,110.4800033569336,177.3800048828125,129.0500030517578,93.1500015258789,167.0500030517578
2019-01-01,169.27999877929688,68.54000091552734,190.9600067138672,157.02000427246094,24.940000534057617,115.1500015258789,12.680000305175781,63.5099983215332,207.77999877929688,181.41000366210938,29.100000381469727,12.890000343322754,143.57000732421875,119.41000366210938,48.189998626708984,128.0,27.290000915527344,181.08999633789062,66.19999694824219,114.83000183105469,217.77999877929688,47.48749923706055,117.94000244140625,89.0374984741211,40.29411697387695,122.55000305175781,287.8299865722656,139.7899932861328,97.52999877929688,191.99000549316406
2019-04-01,181.82000732421875,71.66999816894531,226.3699951171875,170.07000732421875,25.790000915527344,128.69000244140625,13.819999694824219,70.80999755859375,173.33999633789062,164.19000244140625,28.8700008392334,11.609999656677246,152.76333618164062,118.19999694824219,52.400001525878906,130.35000610351562,31.915000915527344,195.30999755859375,50.279998779296875,134.02999877929688,238.1699981689453,49.47999954223633,133.9600067138672,94.68150329589844,41.10057067871094,131.1300048828125,299.25,139.27999877929688,110.48999786376953,204.60000610351562
2019-07-01,182.72999572753906,73.51000213623047,221.86000061035156,157.97000122070312,23.09000015258789,137.25,14.270000457763672,66.08000183105469,164.39999389648438,145.57000732421875,28.579999923706055,9.569999694824219,183.2899932861328,159.4499969482422,55.34000015258789,139.00999450683594,29.030000686645508,204.8300018310547,44.470001220703125,154.99000549316406,245.27000427246094,55.99250030517578,139.02999877929688,86.79550170898438,34.08918380737305,137.10000610351562,303.8699951171875,129.3800048828125,118.68000030517578,207.22999572753906
2019-10-01,176.35000610351562,68.83999633789062,234.99000549316406,169.75,24.1200008392334,139.1999969482422,15.079999923706055,69.36000061035156,176.4199981689453,151.2100067138672,28.15999984741211,13.119999885559082,194.51333618164062,178.1699981689453,59.290000915527344,142.14999389648438,31.774999618530273,237.41000366210938,41.209999084472656,146.97999572753906,212.9600067138672,73.4124984741211,157.6999969482422,92.39199829101562,37.17267608642578,136.6699981689453,284.04998779296875,145.8699951171875,118.83999633789062,229.92999267578125
2020-01-01,132.30999755859375,66.36000061035156,199.61000061035156,103.43000030517578,19.100000381469727,128.7899932861328,8.210000038146973,66.04000091552734,136.50999450683594,121.26000213623047,14.300000190734863,6.75,153.17333984375,143.74000549316406,34.45000076293945,144.39999389648438,28.1299991607666,211.5,11.579999923706055,132.5,198.61000061035156,63.5724983215332,157.7100067138672,97.48600006103516,30.967742919921875,120.0999984741211,208.52999877929688,131.1300048828125,113.62000274658203,154.58999633789062
2020-04-01,149.4600067138672,73.26000213623047,241.4600067138672,103.97000122070312,23.246667861938477,195.0,9.039999961853027,95.95999908447266,155.99000549316406,140.22000122070312,18.170000076293945,11.569999694824219,192.61666870117188,194.47999572753906,36.81999969482422,167.35000610351562,34.65999984741211,274.7300109863281,18.299999237060547,129.6199951171875,191.88999938964844,91.19999694824219,203.50999450683594,137.9409942626953,31.024667739868164,132.25999450683594,229.19000244140625,140.6300048828125,119.77999877929688,197.6199951171875
2020-07-01,138.42999267578125,77.1500015258789,297.8599853515625,92.08999633789062,25.889999389648438,213.97999572753906,9.170000076293945,106.62999725341797,160.17999267578125,251.52000427246094,15.789999961853027,15.640000343322754,232.24667358398438,193.74000549316406,35.849998474121094,166.5,40.099998474121094,289.8500061035156,10.010000228881836,143.33999633789062,222.72000122070312,115.80999755859375,210.3300018310547,157.43649291992188,34.819732666015625,138.60000610351562,240.67999267578125,148.8800048828125,139.91000366210938,200.97000122070312
2020-10-01,148.82000732421875,85.51000213623047,273.2200012207031,127.30000305175781,30.25,259.239990234375,12.630000114440918,136.42999267578125,174.7899932861328,259.6199951171875,19.59000015258789,26.020000457763672,244.97000122070312,258.9100036621094,46.59000015258789,159.19000244140625,46.2400016784668,290.239990234375,17.309999465942383,152.3300018310547,230.92999267578125,132.69000244140625,222.4199981689453,162.84649658203125,36.810001373291016,148.3000030517578,266.2699890136719,157.3800048828125,144.14999389648438,263.7099914550781
2021-01-01,181.55999755859375,78.83000183105469,281.3399963378906,151.61000061035156,32.13999938964844,247.77999877929688,15.720000267028809,136.99000549316406,192.67999267578125,284.0400085449219,22.020000457763672,32.93000030517578,246.00332641601562,330.3999938964844,55.310001373291016,172.1300048828125,45.54499816894531,298.6099853515625,26.6200008392334,158.16000366210938,246.75999450683594,122.1500015258789,235.77000427246094,154.70399475097656,36.22999954223633,141.4499969482422,288.7799987792969,164.35000610351562,135.8300018310547,327.0
2021-04-01,188.25999450683594,81.3499984741211,287.67999267578125,145.30999755859375,32.08000183105469,275.7900085449219,14.270000457763672,136.82000732421875,198.6300048828125,298.3299865722656,24.1299991607666,37.11000061035156,272.45001220703125,324.2099914550781,56.970001220703125,195.10000610351562,45.67499923706055,362.3699951171875,31.270000457763672,174.17999267578125,300.69000244140625,136.9600067138672,270.8999938964844,172.00799560546875,39.15999984741211,148.1699981689453,402.1300048828125,164.74000549316406,141.02000427246094,379.5299987792969
2021-07-01,196.02999877929688,75.58000183105469,256.1099853515625,149.33999633789062,29.739999771118164,299.4100036621094,15.460000038146973,151.44000244140625,175.4199981689453,219.2899932861328,21.639999389648438,32.529998779296875,279.7300109863281,334.510009765625,59.439998626708984,173.32000732421875,44.415000915527344,355.1099853515625,29.579999923706055,169.25,297.1000061035156,141.5,281.9200134277344,164.2519989013672,43.0099983215332,150.41000366210938,394.17999267578125,161.5,139.3800048828125,378.0299987792969
2021-10-01,208.47000122070312,85.33999633789062,304.260009765625,153.5800018310547,37.599998474121094,368.5,15.420000076293945,186.35000610351562,177.6300048828125,258.6400146484375,21.959999084472656,41.72999954223633,352.1600036621094,430.1099853515625,56.16999816894531,208.74000549316406,48.02000045776367,390.5799865722656,28.989999771118164,193.47000122070312,374.55999755859375,177.57000732421875,336.32000732421875,166.7169952392578,59.04999923706055,173.7100067138672,619.1900024414062,171.07000732421875,144.69000244140625,382.54998779296875
2022-01-01,241.17999267578125,75.83000183105469,249.91000366210938,169.5,37.45000076293945,333.2699890136719,14.619999885559082,164.4600067138672,148.8800048828125,231.38999938964844,25.809999465942383,49.7400016784668,249.6199951171875,366.05999755859375,53.150001525878906,184.60000610351562,39.95000076293945,337.4100036621094,56.7400016784668,216.6300048828125,390.2799987792969,174.61000061035156,308.30999755859375,162.99749755859375,51.77000045776367,167.3800048828125,496.8500061035156,177.22999572753906,148.9199981689453,330.1000061035156
2022-04-01,221.25,80.13999938964844,240.47999572753906,159.38999938964844,29.059999465942383,303.70001220703125,12.029999732971191,150.02999877929688,129.41000366210938,226.7100067138672,24.3700008392334,29.260000228881836,223.91000366210938,319.0799865722656,46.02000045776367,168.3800048828125,46.349998474121094,271.9700012207031,58.880001068115234,215.16000366210938,312.6700134277344,136.72000122070312,256.8299865722656,106.20999908447266,52.43000030517578,166.66000366210938,563.9000244140625,177.50999450683594,121.58000183105469,297.0199890136719
2022-07-01,212.1699981689453,70.25,232.72999572753906,176.32000732421875,26.639999389648438,305.510009765625,13.180000305175781,163.42999267578125,110.5,148.47000122070312,23.780000686645508,27.329999923706055,204.75,302.6300048828125,40.31999969482422,144.5500030517578,43.47999954223633,243.11000061035156,61.45000076293945,220.47000122070312,292.80999755859375,138.1999969482422,232.89999389648438,113.0,43.7599983215332,163.25999450683594,411.7300109863281,163.36000061035156,129.6999969482422,293.04998779296875
2022-10-01,248.11000061035156,78.79000091552734,308.260009765625,145.05999755859375,30.979999542236328,319.2900085449219,14.100000381469727,160.63999938964844,119.91999816894531,173.1999969482422,24.1200008392334,38.0,237.3300018310547,377.0299987792969,43.61000061035156,135.63999938964844,50.76499938964844,278.6199951171875,62.9900016784668,231.57000732421875,280.19000244140625,129.92999267578125,239.82000732421875,84.0,51.2400016784668,180.66000366210938,512.3599853515625,176.64999389648438,141.7899932861328,343.3800048828125
2023-01-01,228.2100067138672,75.1500015258789,287.2099914550781,119.56999969482422,29.940000534057617,386.25,11.199999809265137,210.08999633789062,105.11000061035156,228.49000549316406,25.899999618530273,40.90999984741211,224.77000427246094,399.1700134277344,36.04999923706055,133.83999633789062,54.0099983215332,306.0199890136719,62.43000030517578,254.41000366210938,302.1400146484375,164.89999389648438,288.29998779296875,103.29000091552734,40.79999923706055,182.3000030517578,535.0800170898438,155.0,147.4499969482422,327.1099853515625
2023-04-01,215.14999389648438,77.04000091552734,299.5299987792969,123.76000213623047,34.099998474121094,435.4100036621094,10.779999732971191,234.52000427246094,100.08999633789062,247.89999389648438,26.350000381469727,40.0,265.5199890136719,485.0199890136719,33.040000915527344,113.94000244140625,57.439998626708984,347.7200012207031,58.79999923706055,249.6999969482422,291.8800048828125,193.97000122070312,340.5400085449219,130.36000061035156,36.68000030517578,185.22000122070312,636.02001953125,165.52000427246094,157.17999267578125,322.5400085449219
2023-07-01,220.97000122070312,71.11000061035156,283.3999938964844,126.44999694824219,30.75,458.9700012207031,10.399999618530273,234.3000030517578,93.62000274658203,264.9200134277344,27.3700008392334,37.290000915527344,255.0500030517578,458.6600036621094,33.060001373291016,92.02999877929688,52.95000076293945,316.1700134277344,64.87999725341797,200.0800018310547,263.5199890136719,171.2100067138672,315.75,127.12000274658203,33.16999816894531,169.44000244140625,636.3200073242188,155.75,159.92999267578125,323.57000732421875
2023-10-01,245.25999450683594,75.9800033569336,273.6000061035156,123.47000122070312,31.329999923706055,533.4500122070312,10.90999984741211,266.989990234375,95.70999908447266,254.94000244140625,25.989999771118164,35.540000915527344,269.29998779296875,545.3900146484375,37.31999969482422,104.12000274658203,55.099998474121094,353.57000732421875,60.310001373291016,195.83999633789062,259.510009765625,189.7100067138672,376.1700134277344,142.8300018310547,29.770000457763672,167.7100067138672,696.5,150.10000610351562,156.0399932861328,336.6700134277344
